I_TRIP_ID,S_LORRY_RECPT_NO,S_VEHICLE_ID,S_PRODUCT_ID,DT_DEP_DATETIME,DT_BOOK_DATETIME,S_CONSIGNOR_ID,S_CONSIGNOR_NAME,S_TRANSPORTER_ID,S_TRANSPORTER_NAME,C_TRIP_CLOSE_REASON,C_IS_DELETED,I_ORIGIN_LOC_CODE,S_GOODS_DESC,I_QTY,S_UOM_CODE,S_DESTINATION_LOC_NAME,DT_EXP_ARR_DATETIME,S_CONSIGNEE_ID,S_CONSIGNEE_NAME,S_CONSIGNEE_CITY,C_STATUS,S_ORIGIN_LOC_NAME,S_SUPP_PRODUCT_ID,DT_CREATED,S_INVOICE,DT_ATA,DT_OFFLOAD,DT_ATA_OUT 
761907,-,NL05D8099,195895,01-Jan-2013 05:26:00,,112,TATA STEEL,175,SAIZAR ENTERPRISE PVT. LTD.,S,N,,-,0,-,HOSUR,09-Jan-2013 00:00:00,-,ASHOK LEYLAND LTD,,O,JAMSHEDPUR,1230040000000006159,05-Jan-2013 16:06:46,,06-Jan-2013 14:02:00,20-Feb-2013 01:45:38, 
758580,-,MH40N2547,189784,01-Jan-2013 08:13:00,,113,TATA STEEL-NAGPUR,147,M/s SHREYAS ASSOCIATES,T,N,,-,0,-,TALOJA,09-Jan-2013 00:00:00,-,SKM GLOBAL,,O,NAGPUR,1230040000003098254,02-Jan-2013 06:46:20,,,03-Jan-2013 15:42:18, 
758673,-,MH40N2831,189676,01-Jan-2013 09:20:00,,113,TATA STEEL-NAGPUR,147,M/s SHREYAS ASSOCIATES,T,N,,-,0,-,KALAMNA,31-Dec-2012 00:00:00,-,HEMNIL - PUNE/ LEPA,,O,NAGPUR,1230040000003098298,02-Jan-2013 06:51:40,,,05-Jan-2013 16:12:43, 
758598,-,HR38Q3718,220569,01-Jan-2013 08:01:00,,148,TATA STEEL-FARIDABAD,176,M/S GUPTA TRANSPORT COMPANY,S,N,,-,0,-,GURGAON,07-Jan-2013 00:00:00,-,NEEL METAL PRODUCTS LTD./,,O,FARIDABAD,1230040000003099149,02-Jan-2013 06:47:25,,02-Jan-2013 23:04:00,20-Feb-2013 04:37:31, 
762526,-,NL01K1509,175688,01-Jan-2013 02:45:00,,112,TATA STEEL,175,SAIZAR ENTERPRISE PVT. LTD.,T,N,,-,0,-,VISAKHAPATNAM,04-Jan-2013 00:00:00,-,SAHUWALA CYLINDERS LTD.UNIT NO.II,,O,JAMSHEDPUR,1230040000000015846,05-Jan-2013 16:38:25,,,05-Jan-2013 16:53:28, 
762640,-,HR38R4018,204926,01-Jan-2013 08:02:00,,148,TATA STEEL-FARIDABAD,176,M/S GUPTA TRANSPORT COMPANY,S,N,,-,0,-,GURGAON,07-Jan-2013 00:00:00,-,NEEL METAL PRODUCTS LTD./,,O,FARIDABAD,1230040000003099148,05-Jan-2013 16:45:19,,,20-Feb-2013 04:40:08, 
762602,-,OR05AD1385,728340219069304,01-Jan-2013 02:36:00,,112,TATA STEEL,159,LINFOX LOGISTICS INDIA (P) LTD.,S,N,,-,0,-,BIDADI,04-Jan-2013 00:00:00,-,TOYOTA KIRLOSKAR MOTOR PRIVATE LIMI,,O,JAMSHEDPUR,1230040000000038020,05-Jan-2013 16:43:03,,,20-Feb-2013 01:47:06, 
762720,-,NL01G3732,236051,01-Jan-2013 04:54:00,,112,TATA STEEL,140,SUPERSONIC CARRIERS,S,N,,-,0,-,AHMEDABAD,10-Jan-2013 00:00:00,-,WRINKLE DISTRIBUTORS PVT LTD.,,O,JAMSHEDPUR,1230040000000028096,05-Jan-2013 16:50:19,,11-Jan-2013 13:30:00,20-Feb-2013 01:31:12, 
758502,-,MH36F1149,177267,01-Jan-2013 08:50:00,,113,TATA STEEL-NAGPUR,147,M/s SHREYAS ASSOCIATES,T,N,,-,0,-,TALOJA,10-Jan-2013 00:00:00,-,SKM GALVA(A DIVISION OF SKM STEELS),,O,NAGPUR,1230040000003098262,02-Jan-2013 06:41:29,,,05-Jan-2013 16:02:30, 
758623,-,MH40N2548,236066,01-Jan-2013 09:23:00,,113,TATA STEEL-NAGPUR,147,M/s SHREYAS ASSOCIATES,T,N,,-,0,-,KALAMNA,31-Dec-2012 00:00:00,-,HEMNIL - PUNE/ LEPA,,O,NAGPUR,1230040000003098252,02-Jan-2013 06:48:51,,,05-Jan-2013 16:09:53, 
761826,-,HR38Q4168,216657,01-Jan-2013 07:58:00,,148,TATA STEEL-FARIDABAD,176,M/S GUPTA TRANSPORT COMPANY,S,N,,-,0,-,MARUTI-GURGAON,07-Jan-2013 00:00:00,-,MARUTI SUZUKI INDIA LIMITED.,,O,FARIDABAD,1230040000003096130,05-Jan-2013 16:01:52,,,20-Feb-2013 04:37:58, 
761852,-,NL01G6909,165523,01-Jan-2013 02:36:00,,112,TATA STEEL,175,SAIZAR ENTERPRISE PVT. LTD.,T,N,,-,0,-,VISAKHAPATNAM,04-Jan-2013 00:00:00,-,SAHUWALA CYLINDERS LTD.UNIT NO.II,,O,JAMSHEDPUR,1230040000000006100,05-Jan-2013 16:03:27,,,05-Jan-2013 16:39:30, 
761939,-,NL05D4219,175741,01-Jan-2013 22:41:00,,112,TATA STEEL,175,SAIZAR ENTERPRISE PVT. LTD.,T,N,,-,0,-,CUTTACK,04-Jan-2013 00:00:00,-,BHARTIA  DISTRIBUTORS PVT. LTD.,,O,JAMSHEDPUR,1230040000000034094,05-Jan-2013 16:08:43,,,05-Jan-2013 16:44:47, 
758484,-,HR38P9661,216614,01-Jan-2013 08:04:00,,148,TATA STEEL-FARIDABAD,176,M/S GUPTA TRANSPORT COMPANY,S,N,,-,0,-,MARUTI-GURGAON,07-Jan-2013 00:00:00,-,MARUTI SUZUKI INDIA LIMITED.,,O,FARIDABAD,1230040000003099319,02-Jan-2013 06:40:28,,03-Jan-2013 05:03:00,20-Feb-2013 04:35:43, 
758567,-,NL05D4279,175679,01-Jan-2013 09:02:00,,112,TATA STEEL,175,SAIZAR ENTERPRISE PVT. LTD.,S,N,,-,0,-,HUBLI,09-Jan-2013 00:00:00,-,S C SHETTAR AND SONS,,O,JAMSHEDPUR,1230040000000014617,02-Jan-2013 06:45:33,,07-Jan-2013 05:58:00,20-Feb-2013 01:45:08, 
758596,-,HR38J8890,,01-Jan-2013 08:02:00,,148,TATA STEEL-FARIDABAD,176,M/S GUPTA TRANSPORT COMPANY,S,N,,-,0,-,FARIDABAD,07-Jan-2013 00:00:00,-,WHEELS INDIA LTD.,,O,FARIDABAD,1230040000003099117,02-Jan-2013 06:47:18,,01-Jan-2013 08:07:00,20-Feb-2013 04:33:20, 
758587,-,CG04JA2907,189997,01-Jan-2013 02:13:00,,112,TATA STEEL,159,LINFOX LOGISTICS INDIA (P) LTD.,S,N,,-,0,-,SRIPERUMBUDUR,03-Jan-2013 00:00:00,-,HYSCO STEEL INDIA PRIVATE LIMITED,,O,JAMSHEDPUR,1230040000000029524,02-Jan-2013 06:46:45,,,20-Feb-2013 01:06:12, 
758559,-,NL01G1908,114181,01-Jan-2013 02:26:00,,112,TATA STEEL,165,M/S WESTERN CARRIERS,S,N,,-,0,-,KANPUR,06-Jan-2013 00:00:00,-,TATA STEEL LTD,,O,JAMSHEDPUR,1230040000000008718,02-Jan-2013 06:44:59,,07-Jan-2013 06:59:00,20-Feb-2013 01:25:56, 
762584,-,NL01G2219,165512,01-Jan-2013 02:22:00,,112,TATA STEEL,175,SAIZAR ENTERPRISE PVT. LTD.,S,N,,-,0,-,BANGALORE,08-Jan-2013 00:00:00,-,BHARAT EARTH MOVERS LTD.,,O,JAMSHEDPUR,1230040000000010284,05-Jan-2013 16:41:58,,,20-Feb-2013 01:26:37, 
762644,-,HR38P9801,120454,01-Jan-2013 08:01:00,,148,TATA STEEL-FARIDABAD,176,M/S GUPTA TRANSPORT COMPANY,S,N,,-,0,-,GURGAON,07-Jan-2013 00:00:00,-,NEEL METAL PRODUCTS LTD./,,O,FARIDABAD,1230040000003099126,05-Jan-2013 16:45:36,,02-Jan-2013 12:34:00,20-Feb-2013 04:36:40, 
758489,-,MH40N3187,190031,01-Jan-2013 07:48:00,,113,TATA STEEL-NAGPUR,147,M/s SHREYAS ASSOCIATES,S,N,,-,0,-,SANSWADI,08-Jan-2013 00:00:00,-,POSHS METAL INDUSTRIES PVT.LTD.,,O,NAGPUR,1230040000003098277,02-Jan-2013 06:40:46,,02-Jan-2013 23:40:00,20-Feb-2013 02:41:19, 
758534,-,NL01G9144,165566,01-Jan-2013 01:53:00,,112,TATA STEEL,140,SUPERSONIC CARRIERS,T,N,,-,0,-,INDORE,08-Jan-2013 00:00:00,-,INDORE STEEL&IRON MILL,,O,JAMSHEDPUR,1230040000000029409,02-Jan-2013 06:43:25,,,05-Jan-2013 16:04:28, 
758610,-,MH36F1146,118173,01-Jan-2013 01:55:00,,113,TATA STEEL-NAGPUR,147,M/s SHREYAS ASSOCIATES,T,N,,-,0,-,GHATTABILLOD,07-Jan-2013 00:00:00,-,NATIONAL STEEL &AGRO INDUSTRIESLTD.,,O,NAGPUR,1230040000003097007,02-Jan-2013 06:48:07,,,05-Jan-2013 16:09:08, 
758707,-,MH36F1132,114174,01-Jan-2013 01:54:00,,113,TATA STEEL-NAGPUR,147,M/s SHREYAS ASSOCIATES,T,N,,-,0,-,GHATTABILLOD,07-Jan-2013 00:00:00,-,NATIONAL STEEL &AGRO INDUSTRIESLTD.,,O,NAGPUR,1230040000003097009,02-Jan-2013 06:53:43,,,05-Jan-2013 16:14:47, 
761822,-,MH06AC1815,219261,01-Jan-2013 02:38:00,,112,TATA STEEL,170,IDEAL MOVERS PVT LTD,S,N,,-,0,-,KANPUR,05-Jan-2013 00:00:00,-,TATA STEEL LTD,,O,JAMSHEDPUR,1230040000000005417,05-Jan-2013 16:01:37,,05-Jan-2013 01:24:00,20-Feb-2013 01:15:59, 
761871,-,NL01G3039,205057,01-Jan-2013 19:19:00,,112,TATA STEEL,175,SAIZAR ENTERPRISE PVT. LTD.,S,N,,-,0,-,VIJAYAWADA,06-Jan-2013 00:00:00,-,LOTUS STEEL SUPPLIERS,,O,JAMSHEDPUR,1230040000000009922,05-Jan-2013 16:04:35,,,20-Feb-2013 01:29:39, 
761973,-,HR38J8690,248551,01-Jan-2013 08:00:00,,148,TATA STEEL-FARIDABAD,176,M/S GUPTA TRANSPORT COMPANY,S,N,,-,0,-,GURGAON,07-Jan-2013 00:00:00,-,WHEELS INDIA LTD.,,O,FARIDABAD,1230040000003096008,05-Jan-2013 16:10:48,,,20-Feb-2013 04:33:10, 
761891,-,NL01G1563,120764,01-Jan-2013 02:27:00,,112,TATA STEEL,165,M/S WESTERN CARRIERS,S,N,,-,0,-,KANPUR,05-Jan-2013 00:00:00,-,TATA STEEL LTD,,O,JAMSHEDPUR,1230040000000008247,05-Jan-2013 16:05:51,,04-Jan-2013 22:27:00,20-Feb-2013 01:25:21, 
761862,-,NL01G3063,175750,01-Jan-2013 02:38:00,,112,TATA STEEL,140,SUPERSONIC CARRIERS,S,N,,-,0,-,AHMEDABAD,09-Jan-2013 00:00:00,-,WRINKLE DISTRIBUTORS PVT LTD.,,O,JAMSHEDPUR,1230040000000026074,05-Jan-2013 16:04:01,,11-Jan-2013 13:27:00,20-Feb-2013 01:29:50, 
762017,-,MH36F1137,190022,01-Jan-2013 20:24:00,,113,TATA STEEL-NAGPUR,147,M/s SHREYAS ASSOCIATES,T,N,,-,0,-,KALAMNA,01-Jan-2013 00:00:00,-,SKM STEELS LTD. (CR CA DIVISION),,O,NAGPUR,1230040000003098287,05-Jan-2013 16:13:24,,,05-Jan-2013 16:49:39, 
762041,-,MH36F1144,219350,01-Jan-2013 01:55:00,,113,TATA STEEL-NAGPUR,147,M/s SHREYAS ASSOCIATES,T,N,,-,0,-,GHATTABILLOD,07-Jan-2013 00:00:00,-,NATIONAL STEEL &AGRO INDUSTRIESLTD.,,O,NAGPUR,1230040000003097004,05-Jan-2013 16:14:51,,,05-Jan-2013 16:51:09, 
762047,-,MH40N1984,120475,01-Jan-2013 08:13:00,,113,TATA STEEL-NAGPUR,147,M/s SHREYAS ASSOCIATES,S,N,,-,0,-,KHOPOLI,10-Jan-2013 00:00:00,-,BHUSHAN STEEL LIMITED,,O,NAGPUR,1230040000003097016,05-Jan-2013 16:15:12,,07-Jan-2013 12:35:00,20-Feb-2013 02:40:39, 
758599,-,MH40N6318,236088,01-Jan-2013 08:52:00,,113,TATA STEEL-NAGPUR,147,M/s SHREYAS ASSOCIATES,S,N,,-,0,-,IGATPURI,07-Jan-2013 00:00:00,-,MAHINDRA INTERTRADE LTD.,,O,NAGPUR,1230040000000015150,02-Jan-2013 06:47:28,,,20-Feb-2013 02:41:33, 
758713,-,MH40N1985,114209,01-Jan-2013 08:12:00,,113,TATA STEEL-NAGPUR,147,M/s SHREYAS ASSOCIATES,S,N,,-,0,-,KHOPOLI,10-Jan-2013 00:00:00,-,BHUSHAN STEEL LIMITED,,O,NAGPUR,1230040000003096291,02-Jan-2013 06:54:05,,04-Jan-2013 17:27:00,20-Feb-2013 02:40:42, 
761959,-,HR38Q7018,204945,01-Jan-2013 08:04:00,,148,TATA STEEL-FARIDABAD,176,M/S GUPTA TRANSPORT COMPANY,S,N,,-,0,-,GURGAON,07-Jan-2013 00:00:00,-,RASANDIK ENGINEERING INDUS (I) LTD,,O,FARIDABAD,1230040000003099142,05-Jan-2013 16:09:56,,,20-Feb-2013 04:39:30, 
762045,-,HR38Z4518,127729,01-Jan-2013 08:01:00,,148,TATA STEEL-FARIDABAD,176,M/S GUPTA TRANSPORT COMPANY,S,N,,-,0,-,GURGAON,07-Jan-2013 00:00:00,-,NEEL METAL PRODUCTS LTD./,,O,FARIDABAD,1230040000003096107,05-Jan-2013 16:15:05,,,20-Feb-2013 04:43:20, 
760501,     ,NL01G3758,,01-Jan-2013 12:30:12,,,ideal-nagpur off/,170,IDEAL-JSR MOVERS PVT. LTD.,,,,,,,jajpur,04-Jan-2013 00:00:00,,      ,,,nagpur,,04-Jan-2013 15:33:40,,10-Jan-2013 06:08:00,, 
758521,-,NL01G5509,189983,01-Jan-2013 09:01:00,,112,TATA STEEL,175,SAIZAR ENTERPRISE PVT. LTD.,S,N,,-,0,-,HUBLI,09-Jan-2013 00:00:00,-,S C SHETTAR AND SONS,,O,JAMSHEDPUR,1230040000000011415,02-Jan-2013 06:42:38,,07-Jan-2013 05:59:00,20-Feb-2013 01:32:25, 
758597,-,HR38R6618,248464,01-Jan-2013 08:02:00,,148,TATA STEEL-FARIDABAD,176,M/S GUPTA TRANSPORT COMPANY,S,N,,-,0,-,GURGAON,07-Jan-2013 00:00:00,-,NEEL METAL PRODUCTS LTD./,,O,FARIDABAD,1230040000003099297,02-Jan-2013 06:47:21,,02-Jan-2013 07:20:00,20-Feb-2013 04:41:24, 
761831,-,NL01G9147,175804,01-Jan-2013 01:54:00,,112,TATA STEEL,140,SUPERSONIC CARRIERS,T,N,,-,0,-,INDORE,08-Jan-2013 00:00:00,-,INDORE STEEL&IRON MILL,,O,JAMSHEDPUR,1230040000000009666,05-Jan-2013 16:02:11,,,05-Jan-2013 16:38:14, 
761921,-,MH36F1143,120704,01-Jan-2013 01:53:00,,113,TATA STEEL-NAGPUR,147,M/s SHREYAS ASSOCIATES,T,N,,-,0,-,CHAKAN,06-Jan-2013 00:00:00,-,AUTOCOMP CORPORATION,,O,NAGPUR,1230040000003097014,05-Jan-2013 16:07:38,,,05-Jan-2013 16:10:27, 
761950,-,MH36F1152,190032,01-Jan-2013 01:56:00,,113,TATA STEEL-NAGPUR,147,M/s SHREYAS ASSOCIATES,T,N,,-,0,-,TALOJA,09-Jan-2013 00:00:00,-,ROHIT & COMPANY (A/C MUMBAI),,O,NAGPUR,1230040000003098292,05-Jan-2013 16:09:24,,,05-Jan-2013 16:45:27, 
762026,-,CG04JB4686,189702,01-Jan-2013 03:06:00,,112,TATA STEEL,140,SUPERSONIC CARRIERS,T,N,,-,0,-,INDORE,08-Jan-2013 00:00:00,-,INDORE STEEL&IRON MILL,,O,JAMSHEDPUR,1230040000000027023,05-Jan-2013 16:13:56,,,05-Jan-2013 16:50:15, 
762036,-,MH40N7872,120633,01-Jan-2013 08:49:00,,113,TATA STEEL-NAGPUR,147,M/s SHREYAS ASSOCIATES,T,N,,-,0,-,PUNE,09-Jan-2013 00:00:00,-,NEEL AUTO PVT. LTD.,,O,NAGPUR,1230040000003096300,05-Jan-2013 16:14:33,,,05-Jan-2013 16:39:22, 
762048,-,MH40N6014,120583,01-Jan-2013 08:53:00,,113,TATA STEEL-NAGPUR,147,M/s SHREYAS ASSOCIATES,S,N,,-,0,-,IGATPURI,07-Jan-2013 00:00:00,-,MAHINDRA INTERTRADE LTD.,,O,NAGPUR,1230040000003097012,05-Jan-2013 16:15:16,,,20-Feb-2013 02:41:30, 
762588,-,MH36F1139,190056,01-Jan-2013 08:06:00,,113,TATA STEEL-NAGPUR,147,M/s SHREYAS ASSOCIATES,T,N,,-,0,-,CHAKAN,06-Jan-2013 00:00:00,-,POSHS METAL INDUSTRIES PVT.LTD.,,O,NAGPUR,1230040000003098289,05-Jan-2013 16:42:12,,,05-Jan-2013 16:44:50, 
762605,-,MH36F1133,205972,01-Jan-2013 01:54:00,,113,TATA STEEL-NAGPUR,147,M/s SHREYAS ASSOCIATES,B,N,,-,0,-,GHATTABILLOD,07-Jan-2013 00:00:00,-,NATIONAL STEEL &AGRO INDUSTRIESLTD.,,O,NAGPUR,1230040000003098285,05-Jan-2013 16:43:14,,,06-Jan-2013 03:00:12, 
762614,-,MH40N2574,189679,01-Jan-2013 00:31:00,,113,TATA STEEL-NAGPUR,147,M/s SHREYAS ASSOCIATES,T,N,,-,0,-,CHAKAN,06-Jan-2013 00:00:00,-,AUTOCOMP CORPORATION,,O,NAGPUR,1230040000003098256,05-Jan-2013 16:43:47,,,05-Jan-2013 16:44:57, 
762655,-,MH40N6367,236067,01-Jan-2013 08:16:00,,113,TATA STEEL-NAGPUR,147,M/s SHREYAS ASSOCIATES,S,N,,-,0,-,IGATPURI,07-Jan-2013 00:00:00,-,MAHINDRA INTERTRADE LTD.,,O,NAGPUR,1230040000000015168,05-Jan-2013 16:46:18,,,20-Feb-2013 02:41:37, 
762663,-,MH36F1138,189765,01-Jan-2013 08:51:00,,113,TATA STEEL-NAGPUR,147,M/s SHREYAS ASSOCIATES,B,N,,-,0,-,PUNE,09-Jan-2013 00:00:00,-,NEEL AUTO PVT. LTD.,,O,NAGPUR,1230040000003098265,05-Jan-2013 16:46:47,,,07-Jan-2013 03:00:07, 
758406, ,KA51A6062,,01-Jan-2013 13:56:00,,,2148 - BANGALORE DOBASPET SITE-BOC INDIA LTD.,236,BOC-BANGALORE,P,,,,,,BANGALORE,04-Jan-2013 00:00:00,,GLOBAL AIR PRODUCTS,,,2148 - BANGALORE DOBASPET SIT,,01-Jan-2013 23:35:38,,,04-Jan-2013 16:35:21, 
758373, ,HR38R6381,,01-Jan-2013 16:13:00,,,BHW-PGP - BHIWADI PG & P SITE,228,BOC-BHIWADI,P,,,,,,GURGAON,04-Jan-2013 00:00:00,,NEEL METAL PRODUCTS LIMITED,,,BHW-PGP - BHIWADI PG & P SITE,,01-Jan-2013 23:35:27,,,01-Jan-2013 23:35:28, 
758374, ,HR38R6381,,01-Jan-2013 16:13:00,,,BHW-PGP - BHIWADI PG & P SITE,228,BOC-BHIWADI,S,,,,,,GURGAON,04-Jan-2013 00:00:00,,JAY BHARAT MARUTI LIMITED (PLANT-1),,,BHW-PGP - BHIWADI PG & P SITE,,01-Jan-2013 23:35:27,,02-Jan-2013 12:17:00,02-Jan-2013 13:00:03, 
758380, ,RJ14GD6889,,01-Jan-2013 16:02:00,,,BHW-PGP - BHIWADI PG & P SITE,228,BOC-BHIWADI,P,,,,,,FARIDABAD,04-Jan-2013 00:00:00,,ARKAY FABSTEEL SYSTEMS PVT LTD.,,,BHW-PGP - BHIWADI PG & P SITE,,01-Jan-2013 23:35:30,,,01-Jan-2013 23:35:30, 
758381, ,RJ14GD6889,,01-Jan-2013 16:02:00,,,BHW-PGP - BHIWADI PG & P SITE,228,BOC-BHIWADI,P,,,,,,FARIDABAD,04-Jan-2013 00:00:00,,JAYCEE AUTOFAB (P) LTD.,,,BHW-PGP - BHIWADI PG & P SITE,,01-Jan-2013 23:35:30,,,01-Jan-2013 23:35:30, 
758382, ,RJ14GD6889,,01-Jan-2013 16:02:00,,,BHW-PGP - BHIWADI PG & P SITE,228,BOC-BHIWADI,S,,,,,,FARIDABAD,04-Jan-2013 00:00:00,,VENUS INDUSTRIAL CORP. PVT. LTD,,,BHW-PGP - BHIWADI PG & P SITE,,01-Jan-2013 23:35:30,,02-Jan-2013 11:08:00,02-Jan-2013 12:00:08, 
758383, ,RJ14GE0322,,01-Jan-2013 15:56:00,,,BHW-PGP - BHIWADI PG & P SITE,228,BOC-BHIWADI,P,,,,,,NEW DELHI,04-Jan-2013 00:00:00,,INSTITUTE OF LIVER & BILLARY SCIENCES,,,BHW-PGP - BHIWADI PG & P SITE,,01-Jan-2013 23:35:31,,,01-Jan-2013 23:35:45, 
758384, ,RJ14GE0318,,01-Jan-2013 15:51:00,,,DERADUN - BOC INDIA LIMITED-DEHRADUN PLANT,228,BOC-BHIWADI,P,,,,,,YAMUNA NAGAR,04-Jan-2013 00:00:00,,ISGEC HEAVY ENGINEERING LIMITED,,,DERADUN - BOC INDIA LIMITED-D,,01-Jan-2013 23:35:31,,,01-Jan-2013 23:35:31, 
758385, ,RJ14GE0318,,01-Jan-2013 15:51:00,,,DERADUN - BOC INDIA LIMITED-DEHRADUN PLANT,228,BOC-BHIWADI,P,,,,,,MOHALI,04-Jan-2013 00:00:00,,HITECH INDUSTRIES LTD.,,,DERADUN - BOC INDIA LIMITED-D,,01-Jan-2013 23:35:31,,,04-Jan-2013 23:35:04, 
758397, ,RJ14GD6888,,01-Jan-2013 15:31:00,,,BHW-PGP - BHIWADI PG & P SITE,228,BOC-BHIWADI,S,,,,,,NEW DELHI,04-Jan-2013 00:00:00,,DEEN DAYAL UPADHAYA HOSPITAL,,,BHW-PGP - BHIWADI PG & P SITE,,01-Jan-2013 23:35:36,,01-Jan-2013 20:45:00,02-Jan-2013 00:00:22, 
758421, ,KA51A6061,,01-Jan-2013 11:48:00,,,2148 - BANGALORE DOBASPET SITE-BOC INDIA LTD.,236,BOC-BANGALORE,P,,,,,,BANGALORE,04-Jan-2013 00:00:00,,MANIPAL HEALTH SYSTEMS PRIVATE LIMITED,,,2148 - BANGALORE DOBASPET SIT,,01-Jan-2013 23:35:43,,,01-Jan-2013 23:35:44, 
758436, ,KA51A2832,,01-Jan-2013 04:54:00,,,BELLARY - 855 TPD PLANT - BELLARY I,232,BOC-BELLARY,S,,,,,,TIRUVALLUR,04-Jan-2013 00:00:00,,OSRAM AUTOMOTIVE LAMPS PVT. LTD.,,,BELLARY - 855 TPD PLANT - BEL,,01-Jan-2013 23:35:48,,02-Jan-2013 18:04:00,02-Jan-2013 21:00:03, 
758423, ,CG04JA5067,,01-Jan-2013 11:35:00,,,JSL-KAL - JSL KALINGANAGAR-BOC INDIA LIMITED,267,BOC_JM_1290-TCI,S,,,,,,VISHAKHAPATANAM,04-Jan-2013 00:00:00,,VISHNU CHEMICALS LTD.,,,JSL-KAL - JSL KALINGANAGAR-BO,,01-Jan-2013 23:35:44,,02-Jan-2013 23:05:00,03-Jan-2013 00:00:02, 
758424, ,CG04JA6845,,01-Jan-2013 09:53:00,,,JM 1290 - JAMSHEDPUR 1290,267,BOC_JM_1290-TCI,S,,,,,,VISHAKHAPATANAM,04-Jan-2013 00:00:00,,VISHNU CHEMICALS LTD.,,,JM 1290 - JAMSHEDPUR 1290,,01-Jan-2013 23:35:44,,04-Jan-2013 08:24:00,04-Jan-2013 10:00:08, 
758428, ,JH05U0681,,01-Jan-2013 09:30:00,,,JM 1290 - JAMSHEDPUR 1290,267,BOC_JM_1290-TCI,S,,,,,,RANCHI,04-Jan-2013 00:00:00,,H E C (H.M.B.P.),,,JM 1290 - JAMSHEDPUR 1290,,01-Jan-2013 23:35:46,,02-Jan-2013 11:49:00,02-Jan-2013 16:00:05, 
758438, ,CG04JA5596,,01-Jan-2013 01:10:00,,,JM 1290 - JAMSHEDPUR 1290,267,BOC_JM_1290-TCI,S,,,,,,BANKURA,04-Jan-2013 00:00:00,,ROHIT FERRO-TECH LIMITED,,,JM 1290 - JAMSHEDPUR 1290,,01-Jan-2013 23:35:49,,01-Jan-2013 19:01:00,02-Jan-2013 00:00:05, 
758444, ,MH04EY6289,,01-Jan-2013 00:38:00,,,JM 1290 - JAMSHEDPUR 1290,269,BOC_JM_1290-KAILASH,S,,,,,,BHIWADI,04-Jan-2013 00:00:00,,BOC INDIA LIMITEDA_C BHIWADI,,,JM 1290 - JAMSHEDPUR 1290,,01-Jan-2013 23:35:51,,05-Jan-2013 07:54:00,05-Jan-2013 08:00:05, 
758052,,MH19Z1191,,01-Jan-2013 10:00:00,,,,278,S.K.T.,S,,,,,,Baramati,03-Jan-2013 14:00:00,,Jain,,,Jalgaon,,01-Jan-2013 11:09:54,,02-Jan-2013 10:27:00,20-Feb-2013 10:48:56, 
758055,,MH19Z3081,,01-Jan-2013 10:00:00,,,,278,S.K.T.,S,,,,,,Kolkata,05-Jan-2013 14:00:00,,Samsonite,,,Nasik,,01-Jan-2013 11:12:46,,,20-Feb-2013 10:49:54, 
758057,,MH19Z2961,,01-Jan-2013 10:00:00,,,,278,S.K.T.,P,,,,,,Bhiwandi,03-Jan-2013 14:00:00,,Merico,,,Jalgaon,,01-Jan-2013 11:14:20,,,03-Jan-2013 17:02:50, 
758177, ,CG04JB7334,,01-Jan-2013 00:43:00,,,JM 1290 - JAMSHEDPUR 1290,271,BOC_JM_1290-JAMNAGAR,P,,,,,,BILASPUR,04-Jan-2013 00:00:00,,APOLLO HOSPITALS BILASPUR,,,JM 1290 - JAMSHEDPUR 1290,,01-Jan-2013 16:35:03,,,01-Jan-2013 16:35:03, 
758178, ,CG04JB7334,,01-Jan-2013 00:43:00,,,JM 1290 - JAMSHEDPUR 1290,271,BOC_JM_1290-JAMNAGAR,P,,,,,,RAIPUR,04-Jan-2013 00:00:00,,DR.B R AMBEDKAR MEMORIAL HOSPITAL,,,JM 1290 - JAMSHEDPUR 1290,,01-Jan-2013 16:35:03,,,01-Jan-2013 23:35:50, 
758179, ,OR17J9218,,01-Jan-2013 00:48:00,,,JM 1290 - JAMSHEDPUR 1290,271,BOC_JM_1290-JAMNAGAR,S,,,,,,HOWRAH,04-Jan-2013 00:00:00,,ECHO GASES PVT. LTD.,,,JM 1290 - JAMSHEDPUR 1290,,01-Jan-2013 16:35:03,,01-Jan-2013 20:31:00,01-Jan-2013 21:00:05, 
758181, ,CG04JB3824,,01-Jan-2013 01:00:00,,,JM 1290 - JAMSHEDPUR 1290,271,BOC_JM_1290-JAMNAGAR,P,,,,,,BOKARO,04-Jan-2013 00:00:00,,ELECTROSTEEL STEELS LIMITED,,,JM 1290 - JAMSHEDPUR 1290,,01-Jan-2013 16:35:04,,,01-Jan-2013 23:35:49, 
758194, ,OR17J9217,,01-Jan-2013 09:43:00,,,JSL-KAL - JSL KALINGANAGAR-BOC INDIA LIMITED,271,BOC_JM_1290-JAMNAGAR,S,,,,,,CUTTACK,04-Jan-2013 00:00:00,,AARTI STEELS LIMITED (STEEL & POWER),,,JSL-KAL - JSL KALINGANAGAR-BO,,01-Jan-2013 16:35:09,,01-Jan-2013 15:03:00,01-Jan-2013 17:00:52, 
761903,-,CG13D1174,205795,01-Jan-2013 02:45:00,,112,TATA STEEL,279,VENKATESH_LOGISTICS,S,N,,-,0,-,GHAZIABAD,07-Jan-2013 00:00:00,-,VIKRANT IRON PRIVATE LIMITED,,O,JAMSHEDPUR,1230040000000025167,05-Jan-2013 16:06:36,,10-Jan-2013 22:23:00,20-Feb-2013 01:07:34, 
758049,,MH19Z1131,,01-Jan-2013 10:00:00,,,,278,S.K.T.,S,,,,,,Nagar,03-Jan-2013 13:00:00,,Jain,,,Jalgaon,,01-Jan-2013 11:08:10,,01-Jan-2013 10:03:00,20-Feb-2013 10:48:44, 
758427, ,OR17J9217,,01-Jan-2013 09:43:00,,,JSL-KAL - JSL KALINGANAGAR-BOC INDIA LIMITED,271,BOC_JM_1290-JAMNAGAR,P,,,,,,CUTTACK,04-Jan-2013 00:00:00,,AARTI STEELS LIMITED (STEEL & POWER),,,JSL-KAL - JSL KALINGANAGAR-BO,,01-Jan-2013 23:35:45,,,02-Jan-2013 23:35:03, 
758439, ,CG04JB3824,,01-Jan-2013 01:00:00,,,JM 1290 - JAMSHEDPUR 1290,271,BOC_JM_1290-JAMNAGAR,S,,,,,,BOKARO,04-Jan-2013 00:00:00,,ELECTROSTEEL STEELS LIMITED,,,JM 1290 - JAMSHEDPUR 1290,,01-Jan-2013 23:35:49,,03-Jan-2013 15:11:00,03-Jan-2013 16:00:08, 
758441, ,OR17J9218,,01-Jan-2013 00:48:00,,,JM 1290 - JAMSHEDPUR 1290,271,BOC_JM_1290-JAMNAGAR,S,,,,,,HOWRAH,04-Jan-2013 00:00:00,,ECHO GASES PVT. LTD.,,,JM 1290 - JAMSHEDPUR 1290,,01-Jan-2013 23:35:50,,01-Jan-2013 20:31:00,02-Jan-2013 00:00:22, 
758443, ,CG04JB7334,,01-Jan-2013 00:43:00,,,JM 1290 - JAMSHEDPUR 1290,271,BOC_JM_1290-JAMNAGAR,S,,,,,,RAIPUR,04-Jan-2013 00:00:00,,DR.B R AMBEDKAR MEMORIAL HOSPITAL,,,JM 1290 - JAMSHEDPUR 1290,,01-Jan-2013 23:35:50,,03-Jan-2013 23:10:00,04-Jan-2013 00:00:02, 
759012, ,CG04JA4091,,01-Jan-2013 21:17:00,,,JM 1290 - JAMSHEDPUR 1290,267,BOC_JM_1290-TCI,P,,,,,,JAMSHEDPUR,04-Jan-2013 00:00:00,,TATA MOTORS LIMITED,,,JM 1290 - JAMSHEDPUR 1290,,02-Jan-2013 16:35:22,,,02-Jan-2013 16:35:22, 
759013, ,CG04JA4091,,01-Jan-2013 21:17:00,,,JM 1290 - JAMSHEDPUR 1290,267,BOC_JM_1290-TCI,S,,,,,,BANKURA,04-Jan-2013 00:00:00,,ROHIT FERRO-TECH LIMITED,,,JM 1290 - JAMSHEDPUR 1290,,02-Jan-2013 16:35:22,,03-Jan-2013 08:46:00,03-Jan-2013 09:00:02, 
759014, ,JH05AL7158,,01-Jan-2013 21:12:00,,,JM 1290 - JAMSHEDPUR 1290,267,BOC_JM_1290-TCI,S,,,,,,BANKURA,04-Jan-2013 00:00:00,,ROHIT FERRO-TECH LIMITED,,,JM 1290 - JAMSHEDPUR 1290,,02-Jan-2013 16:35:22,,02-Jan-2013 15:54:00,02-Jan-2013 17:00:07, 
759015, ,JH05AL7160,,01-Jan-2013 21:03:00,,,JM 1290 - JAMSHEDPUR 1290,267,BOC_JM_1290-TCI,P,,,,,,ASANSOLE,04-Jan-2013 00:00:00,,CHITTARANJAN LOCO WORKS(S.F),,,JM 1290 - JAMSHEDPUR 1290,,02-Jan-2013 16:35:23,,,02-Jan-2013 16:35:23, 
759016, ,JH05AL7160,,01-Jan-2013 21:03:00,,,JM 1290 - JAMSHEDPUR 1290,267,BOC_JM_1290-TCI,S,,,,,,ASANSOLE,04-Jan-2013 00:00:00,,D.C.O.S.(RB)_CLW_CRJ,,,JM 1290 - JAMSHEDPUR 1290,,02-Jan-2013 16:35:23,,03-Jan-2013 08:44:00,03-Jan-2013 09:00:04, 
761836,-,MH04EB6124,176478,01-Jan-2013 04:58:00,,112,TATA STEEL,276,SIDDHI VINAYAK LOGISTIC LTD,S,N,,-,0,-,RAIPUR,04-Jan-2013 00:00:00,-,ADOR WELDING LTD.,,O,JAMSHEDPUR,1230040000000023618,05-Jan-2013 16:02:26,,09-Jan-2013 06:39:00,20-Feb-2013 01:15:41, 
762506,-,NL02G8706,189885,01-Jan-2013 09:02:00,,112,TATA STEEL,279,VENKATESH_LOGISTICS,S,N,,-,0,-,GHAZIABAD,07-Jan-2013 00:00:00,-,VIKRANT IRON PRIVATE LIMITED,,O,JAMSHEDPUR,1230040000000027924,05-Jan-2013 16:37:20,,10-Jan-2013 22:15:00,20-Feb-2013 01:42:22, 
758558,-,MH04EB3522,175756,01-Jan-2013 02:59:00,,112,TATA STEEL,276,SIDDHI VINAYAK LOGISTIC LTD,S,N,,-,0,-,NAGPUR,05-Jan-2013 00:00:00,-,ANISH ENTERPRISE,,O,JAMSHEDPUR,1230040000000026181,02-Jan-2013 06:44:56,,08-Jan-2013 12:07:00,20-Feb-2013 01:15:31, 
762618,-,HR38Q5501,216611,01-Jan-2013 02:02:00,,112,TATA STEEL,295,DARCL LOGISTICS LIMITED,S,N,,-,0,-,FARIDABAD,04-Jan-2013 00:00:00,-,RAKESH STEELS,,O,JAMSHEDPUR,1230040000000003552,05-Jan-2013 16:44:01,,04-Jan-2013 09:05:00,20-Feb-2013 01:11:00, 
762653,-,HR38Q6222,219184,01-Jan-2013 03:22:00,,112,TATA STEEL,295,DARCL LOGISTICS LIMITED,S,N,,-,0,-,FARIDABAD,04-Jan-2013 00:00:00,-,ALLIED HI TECH INDUSTRIES PVT LTD.,,O,JAMSHEDPUR,1230040000000027718,05-Jan-2013 16:46:09,,05-Jan-2013 12:27:00,20-Feb-2013 01:11:40, 
762621,-,MH04EB3559,219175,01-Jan-2013 01:55:00,,113,TATA STEEL-NAGPUR,304,SIDDHIVINAYAK LOGISTIC LTD,B,N,,-,0,-,TALOJA,09-Jan-2013 00:00:00,-,KLT AUTOMOTIVE AND TUBULAR PRODUCTS,,O,NAGPUR,1230040000000002364,05-Jan-2013 16:44:12,,,06-Jan-2013 03:00:12, 
758379, ,RJ14GD6889,,01-Jan-2013 16:02:00,,,BHW-PGP - BHIWADI PG & P SITE,228,BOC-BHIWADI,P,,,,,,BALLABGARH,04-Jan-2013 00:00:00,,HINDUSTAN SYRINGES&MEDI.DEVICE LTD.,,,BHW-PGP - BHIWADI PG & P SITE,,01-Jan-2013 23:35:29,,,01-Jan-2013 23:35:30, 
758195, ,RJ14GD7682,,01-Jan-2013 09:47:00,,,BHW-PGP - BHIWADI PG & P SITE,228,BOC-BHIWADI,P,,,,,,GURGAON,04-Jan-2013 00:00:00,,MARUICHI KUMA STEEL TUBE PVT. LTD.,,,BHW-PGP - BHIWADI PG & P SITE,,01-Jan-2013 16:35:09,,,01-Jan-2013 23:35:45, 
758196, ,RJ14GE0322,,01-Jan-2013 09:49:00,,,BHW-PGP - BHIWADI PG & P SITE,228,BOC-BHIWADI,P,,,,,,PALWAL,04-Jan-2013 00:00:00,,ANDRITZ HYDRO PRIVATE LIMITED,,,BHW-PGP - BHIWADI PG & P SITE,,01-Jan-2013 16:35:09,,,01-Jan-2013 23:35:31, 
762574,-,CG04JB7640,189657,01-Jan-2013 03:11:00,,113,TATA STEEL-NAGPUR,276,SIDDHI VINAYAK LOGISTIC LTD,S,N,,-,0,-,PUNE-TELCO,07-Jan-2013 00:00:00,-,TATA   MOTORS LIMITED,,O,NAGPUR,1230040000000016133,05-Jan-2013 16:41:23,,04-Jan-2013 07:16:00,20-Feb-2013 02:37:22, 
758051,,MH19Z1151,,01-Jan-2013 10:00:00,,,,278,S.K.T.,S,,,,,,Nagar,03-Jan-2013 13:00:00,,Jain,,,Jalgaon,,01-Jan-2013 11:09:05,,01-Jan-2013 10:10:00,20-Feb-2013 10:48:50, 
758425, ,RJ14GE0322,,01-Jan-2013 09:49:00,,,BHW-PGP - BHIWADI PG & P SITE,228,BOC-BHIWADI,P,,,,,,PALWAL,04-Jan-2013 00:00:00,,ANDRITZ HYDRO PRIVATE LIMITED,,,BHW-PGP - BHIWADI PG & P SITE,,01-Jan-2013 23:35:45,,,04-Jan-2013 16:35:14, 
758426, ,RJ14GD7682,,01-Jan-2013 09:47:00,,,BHW-PGP - BHIWADI PG & P SITE,228,BOC-BHIWADI,P,,,,,,GURGAON,04-Jan-2013 00:00:00,,MARUICHI KUMA STEEL TUBE PVT. LTD.,,,BHW-PGP - BHIWADI PG & P SITE,,01-Jan-2013 23:35:45,,,02-Jan-2013 23:35:04, 
758348, ,KA51A6061,,01-Jan-2013 18:37:00,,,2148 - BANGALORE DOBASPET SITE-BOC INDIA LTD.,236,BOC-BANGALORE,P,,,,,,BANGALORE,04-Jan-2013 00:00:00,,BHARAT ELECTRONICS LTD,,,2148 - BANGALORE DOBASPET SIT,,01-Jan-2013 23:35:18,,,01-Jan-2013 23:35:19, 
758349, ,KA51A6061,,01-Jan-2013 18:37:00,,,2148 - BANGALORE DOBASPET SITE-BOC INDIA LTD.,236,BOC-BANGALORE,P,,,,,,BANGALORE,04-Jan-2013 00:00:00,,MPP TECHNOLOGIES PRIVATE LTD.,,,2148 - BANGALORE DOBASPET SIT,,01-Jan-2013 23:35:19,,,01-Jan-2013 23:35:43, 
758350, ,WB41D9269,,01-Jan-2013 18:18:00,,,KOL-PGP - KOLKATA PG & P SITE,234,BOC-KOLKATA,P,,,,,,KOLKATA,04-Jan-2013 00:00:00,,TATA MEDICAL CENTRE TRUST,,,KOL-PGP - KOLKATA PG & P SITE,,01-Jan-2013 23:35:19,,,01-Jan-2013 23:35:19, 
758351, ,WB41D9269,,01-Jan-2013 18:18:00,,,KOL-PGP - KOLKATA PG & P SITE,234,BOC-KOLKATA,S,,,,,,KOLKATA,04-Jan-2013 00:00:00,,FORTIS HOSPITAL,,,KOL-PGP - KOLKATA PG & P SITE,,01-Jan-2013 23:35:19,,02-Jan-2013 05:09:00,02-Jan-2013 06:00:09, 
758354, ,WB41D9246,,01-Jan-2013 18:04:00,,,KOL-PGP - KOLKATA PG & P SITE,234,BOC-KOLKATA,P,,,,,,KOLKATA,04-Jan-2013 00:00:00,,MISSION OF MERCY HOSP.& RES. CENTRE,,,KOL-PGP - KOLKATA PG & P SITE,,01-Jan-2013 23:35:20,,,01-Jan-2013 23:35:21, 
758355, ,WB41D9246,,01-Jan-2013 18:04:00,,,KOL-PGP - KOLKATA PG & P SITE,234,BOC-KOLKATA,P,,,,,,KOLKATA,04-Jan-2013 00:00:00,,DESUN HOSPITAL & HEART INSTITUTE,,,KOL-PGP - KOLKATA PG & P SITE,,01-Jan-2013 23:35:21,,,01-Jan-2013 23:35:21, 
758356, ,WB41D9246,,01-Jan-2013 18:04:00,,,KOL-PGP - KOLKATA PG & P SITE,234,BOC-KOLKATA,P,,,,,,KOLKATA,04-Jan-2013 00:00:00,,APOLLO GLENEAGLES HOSPITAL,,,KOL-PGP - KOLKATA PG & P SITE,,01-Jan-2013 23:35:21,,,01-Jan-2013 23:35:22, 
758357, ,WB41D9246,,01-Jan-2013 18:04:00,,,KOL-PGP - KOLKATA PG & P SITE,234,BOC-KOLKATA,S,,,,,,KOLKATA,04-Jan-2013 00:00:00,,PEERLESS HOSPITAL,,,KOL-PGP - KOLKATA PG & P SITE,,01-Jan-2013 23:35:21,,02-Jan-2013 06:51:00,02-Jan-2013 07:00:48, 
758391, ,CG04JB3826,,01-Jan-2013 15:43:00,,,BELLARY - 855 TPD PLANT - BELLARY I,232,BOC-BELLARY,S,,,,,,BELLARY,04-Jan-2013 00:00:00,,CHANDANA INDUSTRIAL GASES,,,BELLARY - 855 TPD PLANT - BEL,,01-Jan-2013 23:35:34,,01-Jan-2013 17:30:00,02-Jan-2013 00:00:07, 
758392, ,OR17J8543,,01-Jan-2013 15:41:00,,,BELLARY - 855 TPD PLANT - BELLARY I,232,BOC-BELLARY,S,,,,,,SRIPERUMBUDUR,04-Jan-2013 00:00:00,,BOC INDIA LTD.-A_C IRRUNGATTUKOTTAI,,,BELLARY - 855 TPD PLANT - BEL,,01-Jan-2013 23:35:34,,03-Jan-2013 17:46:00,03-Jan-2013 18:01:05, 
758399, ,KA51A3938,,01-Jan-2013 15:12:00,,,2148 - BANGALORE DOBASPET SITE-BOC INDIA LTD.,236,BOC-BANGALORE,P,,,,,,BANGALORE,04-Jan-2013 00:00:00,,IFB AUTOMOTIVE PRIVATE LIMITED,,,2148 - BANGALORE DOBASPET SIT,,01-Jan-2013 23:35:36,,,01-Jan-2013 23:35:36, 
758400, ,KA51A3938,,01-Jan-2013 15:12:00,,,2148 - BANGALORE DOBASPET SITE-BOC INDIA LTD.,236,BOC-BANGALORE,S,,,,,,BANGALORE,04-Jan-2013 00:00:00,,MPP TECHNOLOGIES PRIVATE LTD.,,,2148 - BANGALORE DOBASPET SIT,,01-Jan-2013 23:35:37,,02-Jan-2013 11:58:00,02-Jan-2013 13:00:05, 
758401, ,KA51A6062,,01-Jan-2013 15:12:00,,,2148 - BANGALORE DOBASPET SITE-BOC INDIA LTD.,236,BOC-BANGALORE,P,,,,,,KOLAR,04-Jan-2013 00:00:00,,BHARAT EARTH MOVERS LTDKGF,,,2148 - BANGALORE DOBASPET SIT,,01-Jan-2013 23:35:37,,,01-Jan-2013 23:35:38, 
761956,-,HR38Q7551,205068,01-Jan-2013 06:18:00,,112,TATA STEEL,295,DARCL LOGISTICS LIMITED,S,N,,-,0,-,FARIDABAD,05-Jan-2013 00:00:00,-,TATA STEEL LTD,,O,JAMSHEDPUR,1230040000000018014,05-Jan-2013 16:09:46,,06-Jan-2013 12:54:00,20-Feb-2013 01:12:45, 
762042,-,NL01G7606,175298,01-Jan-2013 22:42:00,,112,TATA STEEL,295,DARCL Logistics Limited,S,N,,-,0,-,FARIDABAD,07-Jan-2013 00:00:00,-,TATA STEEL LTD,,O,JAMSHEDPUR,1230040000000023733,05-Jan-2013 16:14:54,,07-Jan-2013 13:51:00,20-Feb-2013 01:35:28, 
762520,-,HR38Q7366,205017,01-Jan-2013 02:10:00,,112,TATA STEEL,295,DARCL LOGISTICS LIMITED,S,N,,-,0,-,NAGPUR,03-Jan-2013 00:00:00,-,TATA STEEL LTD,,O,JAMSHEDPUR,1230040000000005003,05-Jan-2013 16:38:06,,05-Jan-2013 07:35:00,20-Feb-2013 01:12:40, 
762531,-,HR38R1253,216655,01-Jan-2013 04:02:00,,112,TATA STEEL,295,DARCL LOGISTICS LIMITED,S,N,,-,0,-,FARIDABAD,04-Jan-2013 00:00:00,-,SANJEEV INDUSTRIAL CORPORATION,,O,JAMSHEDPUR,1230040000000020754,05-Jan-2013 16:38:44,,07-Jan-2013 12:17:00,20-Feb-2013 01:13:55, 
758504,-,HR38Q6425,176424,01-Jan-2013 02:11:00,,112,TATA STEEL,295,DARCL LOGISTICS LIMITED,S,N,,-,0,-,FARIDABAD,04-Jan-2013 00:00:00,-,TATA RYERSON LTD.,,O,JAMSHEDPUR,1230040000000026405,02-Jan-2013 06:41:36,,05-Jan-2013 12:00:00,20-Feb-2013 01:12:24, 
758184, ,KA51A2832,,01-Jan-2013 04:54:00,,,BELLARY - 855 TPD PLANT - BELLARY I,232,BOC-BELLARY,P,,,,,,TIRUVALLUR,04-Jan-2013 00:00:00,,OSRAM AUTOMOTIVE LAMPS PVT. LTD.,,,BELLARY - 855 TPD PLANT - BEL,,01-Jan-2013 16:35:05,,,01-Jan-2013 23:35:48, 
758398, ,KA51A3938,,01-Jan-2013 15:12:00,,,2148 - BANGALORE DOBASPET SITE-BOC INDIA LTD.,236,BOC-BANGALORE,P,,,,,,BANGALORE,04-Jan-2013 00:00:00,,MPP TECHNOLOGIES PRIVATE LTD.,,,2148 - BANGALORE DOBASPET SIT,,01-Jan-2013 23:35:36,,,01-Jan-2013 23:35:37, 
758422, ,KA51A6061,,01-Jan-2013 11:48:00,,,2148 - BANGALORE DOBASPET SITE-BOC INDIA LTD.,236,BOC-BANGALORE,P,,,,,,BANGALORE,04-Jan-2013 00:00:00,,FORTIS HOSPITALS LIMITED,,,2148 - BANGALORE DOBASPET SIT,,01-Jan-2013 23:35:44,,,02-Jan-2013 23:35:19, 
758176, ,MH04EY6289,,01-Jan-2013 00:38:00,,,JM 1290 - JAMSHEDPUR 1290,269,BOC_JM_1290-KAILASH,P,,,,,,BHIWADI,04-Jan-2013 00:00:00,,BOC INDIA LIMITEDA_C BHIWADI,,,JM 1290 - JAMSHEDPUR 1290,,01-Jan-2013 16:35:02,,,01-Jan-2013 23:35:51, 
758182, ,CG04JA5596,,01-Jan-2013 01:10:00,,,JM 1290 - JAMSHEDPUR 1290,267,BOC_JM_1290-TCI,S,,,,,,BANKURA,04-Jan-2013 00:00:00,,ROHIT FERRO-TECH LIMITED,,,JM 1290 - JAMSHEDPUR 1290,,01-Jan-2013 16:35:04,,01-Jan-2013 16:01:00,01-Jan-2013 17:00:30, 
758193, ,JH05U0681,,01-Jan-2013 09:30:00,,,JM 1290 - JAMSHEDPUR 1290,267,BOC_JM_1290-TCI,P,,,,,,RANCHI,04-Jan-2013 00:00:00,,H E C (H.M.B.P.),,,JM 1290 - JAMSHEDPUR 1290,,01-Jan-2013 16:35:08,,,01-Jan-2013 23:35:46, 
758197, ,CG04JA6845,,01-Jan-2013 09:53:00,,,JM 1290 - JAMSHEDPUR 1290,267,BOC_JM_1290-TCI,P,,,,,,VISHAKHAPATANAM,04-Jan-2013 00:00:00,,VISHNU CHEMICALS LTD.,,,JM 1290 - JAMSHEDPUR 1290,,01-Jan-2013 16:35:10,,,01-Jan-2013 23:35:44, 
758053,,MH19Z1641,,01-Jan-2013 10:00:00,,,,278,S.K.T.,P,,,,,,Ranchi,05-Jan-2013 13:00:00,,Supreme,,,Jalgaon,,01-Jan-2013 11:10:45,,,07-Jan-2013 10:53:50, 
758353, ,CG04JB5957,,01-Jan-2013 18:10:00,,,JM 1290 - JAMSHEDPUR 1290,271,BOC_JM_1290-JAMNAGAR,P,,,,,,JAMSHEDPUR,04-Jan-2013 00:00:00,,BOC INDIA LIMITED - JM 120 BRANCH,,,JM 1290 - JAMSHEDPUR 1290,,01-Jan-2013 23:35:20,,,02-Jan-2013 23:35:02, 
758408, ,CG04JB6176,,01-Jan-2013 13:35:00,,,JM 1290 - JAMSHEDPUR 1290,271,BOC_JM_1290-JAMNAGAR,P,,,,,,ASANSOL,04-Jan-2013 00:00:00,,BOC INDIA LIMITED-ASANSOL BRANCH,,,JM 1290 - JAMSHEDPUR 1290,,01-Jan-2013 23:35:39,,,01-Jan-2013 23:35:40, 
758409, ,CG04JB6176,,01-Jan-2013 13:35:00,,,JM 1290 - JAMSHEDPUR 1290,271,BOC_JM_1290-JAMNAGAR,S,,,,,,DURGAPUR,04-Jan-2013 00:00:00,,THE MISSION HOSPITAL,,,JM 1290 - JAMSHEDPUR 1290,,01-Jan-2013 23:35:39,,02-Jan-2013 18:38:00,02-Jan-2013 19:00:03, 
758410, ,HR55P1080,,01-Jan-2013 13:11:00,,,JM 1290 - JAMSHEDPUR 1290,271,BOC_JM_1290-JAMNAGAR,S,,,,,,BANKURA,04-Jan-2013 00:00:00,,ROHIT FERRO-TECH LIMITED,,,JM 1290 - JAMSHEDPUR 1290,,01-Jan-2013 23:35:40,,02-Jan-2013 16:52:00,02-Jan-2013 17:00:05, 
758442, ,CG04JB7334,,01-Jan-2013 00:43:00,,,JM 1290 - JAMSHEDPUR 1290,271,BOC_JM_1290-JAMNAGAR,P,,,,,,BILASPUR,04-Jan-2013 00:00:00,,APOLLO HOSPITALS BILASPUR,,,JM 1290 - JAMSHEDPUR 1290,,01-Jan-2013 23:35:50,,,01-Jan-2013 23:35:51, 
762573,-,NL01G2373,,01-Jan-2013 01:59:00,,112,TATA STEEL,191,MATUKDHARI ENTERPRISES,S,N,,-,0,-,PATNA,05-Jan-2013 00:00:00,-,TATA STEEL LIMITED,,O,JAMSHEDPUR,1230040000000002356,05-Jan-2013 16:41:19,,,20-Feb-2013 01:27:20, 
762658,-,OR07U5623,189936,01-Jan-2013 04:50:00,,112,TATA STEEL,194,UNION ROADWAYS,A,N,,-,0,-,INDORE,08-Jan-2013 00:00:00,-,INDORE STEEL&IRON MILL,,O,JAMSHEDPUR,1230040000000017354,05-Jan-2013 16:46:29,,,16-Jan-2013 00:00:17, 
758542,-,NL02K3263,216708,01-Jan-2013 09:03:00,,112,TATA STEEL,191,MATUKDHARI ENTERPRISES,S,N,,-,0,-,PATNA,05-Jan-2013 00:00:00,-,BMW VENTURES LTD.,,O,JAMSHEDPUR,1230040000000008205,02-Jan-2013 06:43:58,,04-Jan-2013 00:12:00,20-Feb-2013 01:43:40, 
758671,-,NL01G2883,216733,01-Jan-2013 05:34:00,,112,TATA STEEL,191,MATUKDHARI ENTERPRISES,S,N,,-,0,-,VARANASI,05-Jan-2013 00:00:00,-,TATA STEEL LTD,,O,JAMSHEDPUR,1230040000000008239,02-Jan-2013 06:51:33,,02-Jan-2013 23:53:00,20-Feb-2013 01:28:53, 
758664,-,HR38N0717,118171,01-Jan-2013 17:12:00,,224,TATA STEEL-DELHI,209,LIFTER & TAKER,S,N,,-,0,-,TUGHLAKABAD,01-Jan-2013 00:00:00,-,FARIDABAD - CA,,O,DELHI,1230040000003099292,02-Jan-2013 06:51:16,,02-Jan-2013 05:32:00,20-Feb-2013 04:10:21, 
759398,,HR39B9867,,01-Jan-2013 23:00:00,,,,206,GANESH_ROADLINES,,,,,,,BADDI,07-Jan-2013 10:00:00,,JSL,,,JAJPUR,,03-Jan-2013 12:21:24,,11-Jan-2013 10:00:00,, 
759002, ,JH05Z0547,,01-Jan-2013 22:11:00,,,JM 1290 - JAMSHEDPUR 1290,200,BOC-JM-1290,P,,,,,,JAMSHEDPUR,04-Jan-2013 00:00:00,,APEX AUTO LIMITED,,,JM 1290 - JAMSHEDPUR 1290,,02-Jan-2013 16:35:18,,,02-Jan-2013 16:35:19, 
759003, ,JH05Z0547,,01-Jan-2013 22:11:00,,,JM 1290 - JAMSHEDPUR 1290,200,BOC-JM-1290,P,,,,,,JAMSHEDPUR,04-Jan-2013 00:00:00,,RSB TRANSMISSIONS (I) LTD.-II,,,JM 1290 - JAMSHEDPUR 1290,,02-Jan-2013 16:35:18,,,04-Jan-2013 16:35:33, 
759412,,HR39B9093,,01-Jan-2013 23:00:00,,,,206,GANESH_ROADLINES,P,,,,,,KALAMBOLI,06-Jan-2013 10:00:00,,JSL,,,HISSAR,,03-Jan-2013 12:39:00,,,08-Jan-2013 12:17:31, 
761918,-,TN20BK2679,323054,01-Jan-2013 03:54:00,,226,TATA STEEL-CHENNAI,195,SHEKAR LOGISTICS PVT LTD,T,N,,-,0,-,CHENNAI-HYSCO,07-Jan-2013 00:00:00,-,HYSCO STEEL INDIA PRIVATE LIMITED,,O,CHENNAI,1230040000003096189,05-Jan-2013 16:07:27,,,05-Jan-2013 16:43:33, 
761981,-,NL01G2393,165520,01-Jan-2013 05:39:00,,112,TATA STEEL,191,MATUKDHARI ENTERPRISES,S,N,,-,0,-,VARANASI,05-Jan-2013 00:00:00,-,TATA STEEL LTD,,O,JAMSHEDPUR,1230040000000012082,05-Jan-2013 16:11:16,,04-Jan-2013 04:49:00,20-Feb-2013 01:27:30, 
762035,-,OR07U3321,176560,01-Jan-2013 04:52:00,,112,TATA STEEL,194,UNION ROADWAYS,T,N,,-,0,-,INDORE,08-Jan-2013 00:00:00,-,INDORE STEEL&IRON MILL,,O,JAMSHEDPUR,1230040000000024780,05-Jan-2013 16:14:30,,,05-Jan-2013 16:50:47, 
762540,-,NL01G1433,165542,01-Jan-2013 01:52:00,,112,TATA STEEL,191,MATUKDHARI ENTERPRISES,S,N,,-,0,-,PATNA,05-Jan-2013 00:00:00,-,TATA STEEL LIMITED,,O,JAMSHEDPUR,1230040000000006423,05-Jan-2013 16:39:18,,05-Jan-2013 17:04:00,20-Feb-2013 01:24:45, 
762582,-,NL01G1063,158802,01-Jan-2013 02:10:00,,112,TATA STEEL,191,MATUKDHARI ENTERPRISES,S,N,,-,0,-,PATNA,04-Jan-2013 00:00:00,-,TATA STEEL LIMITED,,O,JAMSHEDPUR,1230040000000026595,05-Jan-2013 16:41:51,,02-Jan-2013 18:20:00,20-Feb-2013 01:24:21, 
758535,-,NL01G1493,158872,01-Jan-2013 02:37:00,,112,TATA STEEL,191,MATUKDHARI ENTERPRISES,S,N,,-,0,-,PATNA,04-Jan-2013 00:00:00,-,TATA STEEL LIMITED,,O,JAMSHEDPUR,1230040000000025928,02-Jan-2013 06:43:29,,03-Jan-2013 13:13:00,20-Feb-2013 01:25:05, 
758180, ,CG04JA7704,,01-Jan-2013 00:56:00,,,JM 1290 - JAMSHEDPUR 1290,200,BOC-JM-1290,P,,,,,,BOKARO,04-Jan-2013 00:00:00,,ELECTROSTEEL STEELS LIMITED,,,JM 1290 - JAMSHEDPUR 1290,,01-Jan-2013 16:35:04,,,01-Jan-2013 23:35:49, 
758190, ,CG04DB7072,,01-Jan-2013 09:20:00,,,JM 1290 - JAMSHEDPUR 1290,200,BOC-JM-1290,P,,,,,,JAMSHEDPUR,04-Jan-2013 00:00:00,,TAYO ROLLS LIMITED - TISCO,,,JM 1290 - JAMSHEDPUR 1290,,01-Jan-2013 16:35:07,,,01-Jan-2013 16:35:08, 
758191, ,CG04DB7072,,01-Jan-2013 09:20:00,,,JM 1290 - JAMSHEDPUR 1290,200,BOC-JM-1290,P,,,,,,JAMSHEDPUR,04-Jan-2013 00:00:00,,BOC INDIA LIMITED - JM 120 BRANCH,,,JM 1290 - JAMSHEDPUR 1290,,01-Jan-2013 16:35:08,,,01-Jan-2013 23:35:46, 
758413, ,JH05AB9268,,01-Jan-2013 12:49:00,,,JM 1290 - JAMSHEDPUR 1290,200,BOC-JM-1290,S,,,,,,JAMSHEDPUR,04-Jan-2013 00:00:00,,BRAHMANANDA NARAYANA HRUDAYALAYA,,,JM 1290 - JAMSHEDPUR 1290,,01-Jan-2013 23:35:41,,02-Jan-2013 09:54:00,02-Jan-2013 10:00:04, 
759401,,HR39B8909,,01-Jan-2013 23:00:00,,,,206,GANESH_ROADLINES,P,,,,,,MUMBAIMINT,06-Jan-2013 10:00:00,,JSL,,,HISSAR,,03-Jan-2013 12:26:04,,,06-Jan-2013 12:49:22, 
759438,,HR39A9038,,01-Jan-2013 23:00:00,,,,206,GANESH_ROADLINES,,,,,,,BAWAL,06-Jan-2013 10:00:00,,JSL,,,MUMBAI,,03-Jan-2013 13:05:15,,08-Jan-2013 10:00:00,, 
759444,,HR39B5038,,01-Jan-2013 23:00:00,,,,206,GANESH_ROADLINES,,,,,,,BAWAL,06-Jan-2013 10:00:00,,JSL,,,MUMBAI,,03-Jan-2013 13:10:20,,08-Jan-2013 10:00:00,, 
762560,-,NL01D5873,120555,01-Jan-2013 02:43:00,,112,TATA STEEL,179,B S ROADWAYS,S,N,,-,0,-,PATNA,04-Jan-2013 00:00:00,-,TATA STEEL LIMITED,,O,JAMSHEDPUR,1230040000003099416,05-Jan-2013 16:40:30,,08-Jan-2013 18:13:00,20-Feb-2013 01:20:19, 
762622,-,HR38P9469,127736,01-Jan-2013 09:55:00,,148,TATA STEEL-FARIDABAD,176,M/S GUPTA TRANSPORT COMPANY,S,N,,-,0,-,GURGAON,07-Jan-2013 00:00:00,-,NEEL METAL PRODUCTS LTD./,,O,FARIDABAD,1230040000003096194,05-Jan-2013 16:44:15,,,20-Feb-2013 04:35:30, 
762645,-,HR38P9663,158896,01-Jan-2013 08:01:00,,148,TATA STEEL-FARIDABAD,176,M/S GUPTA TRANSPORT COMPANY,S,N,,-,0,-,MARUTI-GURGAON,07-Jan-2013 00:00:00,-,MARUTI SUZUKI INDIA LIMITED.,,O,FARIDABAD,1230040000003099317,05-Jan-2013 16:45:40,,02-Jan-2013 22:47:00,20-Feb-2013 04:36:12, 
761895,-,NL01D5849,205798,01-Jan-2013 03:41:00,,112,TATA STEEL,174,UTILITY TRANSPORT,S,N,,-,0,-,HOWRAH,03-Jan-2013 00:00:00,-,NARESH KUMAR & CO/,,O,JAMSHEDPUR,1230040000000031322,05-Jan-2013 16:06:05,,,20-Feb-2013 01:20:16, 
761905,-,HR38L2968,165594,01-Jan-2013 01:45:00,,112,TATA STEEL,170,IDEAL MOVERS PVT LTD,S,N,,-,0,-,KANPUR,05-Jan-2013 00:00:00,-,DEVI DAYAL HARI KISHAN,,O,JAMSHEDPUR,1230040000000016422,05-Jan-2013 16:06:39,,07-Jan-2013 05:19:00,20-Feb-2013 01:09:18, 
761947,-,HR38Q4156,216603,01-Jan-2013 08:02:00,,148,TATA STEEL-FARIDABAD,176,M/S GUPTA TRANSPORT COMPANY,S,N,,-,0,-,MARUTI-GURGAON,07-Jan-2013 00:00:00,-,MARUTI SUZUKI INDIA LIMITED.,,O,FARIDABAD,1230040000003096126,05-Jan-2013 16:09:12,,03-Jan-2013 14:39:00,20-Feb-2013 04:37:43, 
762037,-,NL01G3577,158827,01-Jan-2013 02:11:00,,112,TATA STEEL,179,B S ROADWAYS,S,N,,-,0,-,PATNA,05-Jan-2013 00:00:00,-,TATA STEEL LIMITED,,O,JAMSHEDPUR,1230040000000027502,05-Jan-2013 16:14:37,,07-Jan-2013 17:06:00,20-Feb-2013 01:30:46, 
762043,-,HR47B8221,114117,01-Jan-2013 08:00:00,,148,TATA STEEL-FARIDABAD,176,M/S GUPTA TRANSPORT COMPANY,S,N,,-,0,-,GURGAON,07-Jan-2013 00:00:00,-,NEEL METAL PRODUCTS LTD./,,O,FARIDABAD,1230040000003096013,05-Jan-2013 16:14:58,,,20-Feb-2013 04:43:35, 
761975,-,HR55L4977,189891,01-Jan-2013 16:32:00,,224,TATA STEEL-DELHI,209,LIFTER & TAKER,S,N,,-,0,-,TUGHLAKABAD,04-Jan-2013 00:00:00,-,GHAZIABAD - CA,,O,DELHI,1230040000000020689,05-Jan-2013 16:10:55,,01-Jan-2013 22:48:00,20-Feb-2013 04:16:02, 
762739,-,HR38P4518,219220,01-Jan-2013 08:02:00,,148,TATA STEEL-FARIDABAD,176,M/S GUPTA TRANSPORT COMPANY,S,N,,-,0,-,GURGAON,07-Jan-2013 00:00:00,-,NEEL METAL PRODUCTS LTD./,,O,FARIDABAD,1230040000003096019,05-Jan-2013 16:51:20,,,20-Feb-2013 04:34:55, 
762514,-,HR38N4418,217391,01-Jan-2013 07:58:00,,148,TATA STEEL-FARIDABAD,176,M/S GUPTA TRANSPORT COMPANY,S,N,,-,0,-,MARUTI-GURGAON,07-Jan-2013 00:00:00,-,MARUTI SUZUKI INDIA LIMITED.,,O,FARIDABAD,1230040000003096014,05-Jan-2013 16:37:45,,03-Jan-2013 14:21:00,20-Feb-2013 04:34:20, 
762524,-,NL01G7810,189896,01-Jan-2013 02:16:00,,112,TATA STEEL,170,IDEAL MOVERS PVT LTD,S,N,,-,0,-,KANPUR,05-Jan-2013 00:00:00,-,TATA STEEL LTD,,O,JAMSHEDPUR,1230040000000037402,05-Jan-2013 16:38:22,,07-Jan-2013 05:20:00,20-Feb-2013 01:35:44, 
762539,-,NL01G7589,158825,01-Jan-2013 03:07:00,,112,TATA STEEL,175,SAIZAR ENTERPRISE PVT. LTD.,T,N,,-,0,-,VISAKHAPATNAM,04-Jan-2013 00:00:00,-,SAHUWALA CYLINDERS LTD.UNIT NO.II,,O,JAMSHEDPUR,1230040000000026876,05-Jan-2013 16:39:14,,,05-Jan-2013 16:54:25, 
762556,-,NL01G6419,205058,01-Jan-2013 02:21:00,,112,TATA STEEL,175,SAIZAR ENTERPRISE PVT. LTD.,T,N,,-,0,-,BHUBANESWAR,03-Jan-2013 00:00:00,-,T C S  LTD. (PHASE-III) / KALINGA P,,O,JAMSHEDPUR,1230040000000009161,05-Jan-2013 16:40:18,,,06-Jan-2013 15:42:38, 
761978,-,HR38K0217,177335,01-Jan-2013 17:19:00,,224,TATA STEEL-DELHI,209,LIFTER & TAKER,S,N,,-,0,-,TUGHLAKABAD,04-Jan-2013 00:00:00,-,GHAZIABAD - CA,,O,DELHI,1230040000000035430,05-Jan-2013 16:11:05,,,20-Feb-2013 04:09:13, 
761990,-,HR55G7017,206434,01-Jan-2013 14:46:00,,224,TATA STEEL-DELHI,209,LIFTER & TAKER,S,N,,-,0,-,TUGHLAKABAD,04-Jan-2013 00:00:00,-,GHAZIABAD - CA,,O,DELHI,1230040000000021810,05-Jan-2013 16:11:47,,02-Jan-2013 04:54:00,20-Feb-2013 04:14:42, 
761996,-,HR55K5027,195997,01-Jan-2013 14:47:00,,224,TATA STEEL-DELHI,209,LIFTER & TAKER,S,N,,-,0,-,TUGHLAKABAD,04-Jan-2013 00:00:00,-,GHAZIABAD - CA,,O,DELHI,1230040000000021695,05-Jan-2013 16:12:09,,02-Jan-2013 04:08:00,20-Feb-2013 04:15:35, 
761851,-,NL01D1294,120628,01-Jan-2013 23:55:00,,112,TATA STEEL,179,B S ROADWAYS,S,N,,-,0,-,BURNPUR,02-Jan-2013 00:00:00,-,BURN STANDARD COMPANY LIMITED,,O,JAMSHEDPUR,1230040000000030522,05-Jan-2013 16:03:23,,07-Jan-2013 23:19:00,20-Feb-2013 01:18:27, 
761941,-,NL01D9889,220526,01-Jan-2013 23:37:00,,112,TATA STEEL,175,SAIZAR ENTERPRISE PVT. LTD.,S,N,,-,0,-,CHENNAI,07-Jan-2013 00:00:00,-,TATA STEEL LTD -CHENNAI STOCKYARD,,O,JAMSHEDPUR,1230040000000037162,05-Jan-2013 16:08:50,,04-Jan-2013 23:16:00,20-Feb-2013 01:23:52, 
761951,-,HR38N4518,158819,01-Jan-2013 07:59:00,,148,TATA STEEL-FARIDABAD,176,M/S GUPTA TRANSPORT COMPANY,S,N,,-,0,-,GURGAON,07-Jan-2013 00:00:00,-,NEEL METAL PRODUCTS LTD./,,O,FARIDABAD,1230040000003096200,05-Jan-2013 16:09:28,,,20-Feb-2013 04:34:33, 
762007,-,NL01D5809,120563,01-Jan-2013 23:13:00,,112,TATA STEEL,174,UTILITY TRANSPORT,S,N,,-,0,-,HOWRAH,03-Jan-2013 00:00:00,-,NARESH KUMAR & CO/,,O,JAMSHEDPUR,1230040000000012199,05-Jan-2013 16:12:46,,04-Jan-2013 09:42:00,20-Feb-2013 01:20:08, 
762049,-,NL01D9149,220568,01-Jan-2013 08:51:00,,112,TATA STEEL,175,SAIZAR ENTERPRISE PVT. LTD.,S,N,,-,0,-,CHENNAI,08-Jan-2013 00:00:00,-,TATA STEEL LTD -CHENNAI STOCKYARD,,O,JAMSHEDPUR,1230040000000009575,05-Jan-2013 16:15:20,,07-Jan-2013 18:57:00,20-Feb-2013 01:22:37, 
762607,-,HR38Q3618,196012,01-Jan-2013 08:01:00,,148,TATA STEEL-FARIDABAD,176,M/S GUPTA TRANSPORT COMPANY,S,N,,-,0,-,GURGAON,07-Jan-2013 00:00:00,-,NEEL METAL PRODUCTS LTD./,,O,FARIDABAD,1230040000003099146,05-Jan-2013 16:43:22,,02-Jan-2013 12:37:00,20-Feb-2013 04:37:23, 
762641,-,HR38K0155,205862,01-Jan-2013 08:01:00,,148,TATA STEEL-FARIDABAD,176,M/S GUPTA TRANSPORT COMPANY,S,N,,-,0,-,GURGAON,07-Jan-2013 00:00:00,-,NEEL METAL PRODUCTS LTD./,,O,FARIDABAD,1230040000003096007,05-Jan-2013 16:45:24,,02-Jan-2013 07:31:00,20-Feb-2013 04:33:27, 
758347, ,CG04DB7074,,01-Jan-2013 18:46:00,,,JM 1290 - JAMSHEDPUR 1290,200,BOC-JM-1290,S,,,,,,JAMSHEDPUR,04-Jan-2013 00:00:00,,BOC INDIA LIMITED - JM 120 BRANCH,,,JM 1290 - JAMSHEDPUR 1290,,01-Jan-2013 23:35:18,,01-Jan-2013 22:06:00,02-Jan-2013 00:00:02, 
758411, ,JH05AB9268,,01-Jan-2013 12:49:00,,,JM 1290 - JAMSHEDPUR 1290,200,BOC-JM-1290,P,,,,,,JAMSHEDPUR,04-Jan-2013 00:00:00,,TATA MAIN HOSPITAL,,,JM 1290 - JAMSHEDPUR 1290,,01-Jan-2013 23:35:40,,,01-Jan-2013 23:35:41, 
758412, ,JH05AB9268,,01-Jan-2013 12:49:00,,,JM 1290 - JAMSHEDPUR 1290,200,BOC-JM-1290,P,,,,,,JAMSHEDPUR,04-Jan-2013 00:00:00,,TATA MOTORS LIMITED-HOSPITAL,,,JM 1290 - JAMSHEDPUR 1290,,01-Jan-2013 23:35:40,,,01-Jan-2013 23:35:41, 
758602,-,HR55M2210,120715,01-Jan-2013 05:51:00,,148,TATA STEEL-FARIDABAD,208,LAULS LIMITED,S,N,,-,0,-,FARIDABAD RLY SDG,01-Jan-2013 00:00:00,-,TUGHLAKABAD STOCK YARD,,O,FARIDABAD,1230040000003099241,02-Jan-2013 06:47:39,,01-Jan-2013 05:54:00,20-Feb-2013 04:43:56, 
758630,-,HR38R9328,120428,01-Jan-2013 00:18:00,,148,TATA STEEL-FARIDABAD,208,LAULS LIMITED,S,N,,-,0,-,FARIDABAD RLY SDG,31-Dec-2012 00:00:00,-,PREM BROTHERS,,O,FARIDABAD,1230040000003099299,02-Jan-2013 06:49:16,,01-Jan-2013 06:49:00,20-Feb-2013 04:42:15, 
758681,-,HR38K9917,219202,01-Jan-2013 14:50:00,,224,TATA STEEL-DELHI,209,LIFTER & TAKER,S,N,,-,0,-,TUGHLAKABAD,04-Jan-2013 00:00:00,-,GHAZIABAD - CA,,O,DELHI,1230040000003099316,02-Jan-2013 06:52:09,,02-Jan-2013 04:02:00,20-Feb-2013 04:09:25, 
758700,-,HR38N9417,216769,01-Jan-2013 15:42:00,,224,TATA STEEL-DELHI,209,LIFTER & TAKER,S,N,,-,0,-,TUGHLAKABAD,04-Jan-2013 00:00:00,-,GHAZIABAD - CA,,O,DELHI,1230040000000020796,02-Jan-2013 06:53:18,,02-Jan-2013 06:53:00,20-Feb-2013 04:11:39, 
758724,-,HR38Q4169,175304,01-Jan-2013 20:11:00,,148,TATA STEEL-FARIDABAD,208,LAULS LIMITED,S,N,,-,0,-,FARIDABAD RLY SDG,31-Dec-2012 00:00:00,-,MANGLA SONS,,O,FARIDABAD,1230040000003099324,02-Jan-2013 06:54:44,,01-Jan-2013 20:20:00,20-Feb-2013 04:38:10, 
759396,,HR39A9338,,01-Jan-2013 23:00:00,,,,206,GANESH_ROADLINES,P,,,,,,MUMBAIMINT,06-Jan-2013 10:00:00,,JSL,,,HISSAR,,03-Jan-2013 12:19:02,,,08-Jan-2013 12:55:04, 
759418,,HR39B8969,,01-Jan-2013 23:00:00,,,,206,GANESH_ROADLINES,P,,,,,,KALOL,04-Jan-2013 10:00:00,,JSL,,,HISSAR,,03-Jan-2013 12:41:56,,,06-Jan-2013 13:14:23, 
762538,-,NL01D9139,158898,01-Jan-2013 22:45:00,,112,TATA STEEL,175,SAIZAR ENTERPRISE PVT. LTD.,S,N,,-,0,-,HYDERABAD,07-Jan-2013 00:00:00,-,LOTUS STEEL SUPLIERS,,O,JAMSHEDPUR,1230040000000028393,05-Jan-2013 16:39:10,,05-Jan-2013 18:21:00,20-Feb-2013 01:22:35, 
762546,-,NL01D5819,205049,01-Jan-2013 03:36:00,,112,TATA STEEL,174,UTILITY TRANSPORT,S,N,,-,0,-,TITAGARH,02-Jan-2013 00:00:00,-,TITAGARH WAGONS LIMITED/,,O,JAMSHEDPUR,1230040000000003537,05-Jan-2013 16:39:41,,04-Jan-2013 05:16:00,20-Feb-2013 01:20:12, 
758643,-,HR38G0615,177422,01-Jan-2013 16:19:00,,224,TATA STEEL-DELHI,215,YADAV GOODS CARRIER,S,N,,-,0,-,TUGHLAKABAD,04-Jan-2013 00:00:00,-,GHAZIABAD - CA,,O,DELHI,1230040000003099490,02-Jan-2013 06:50:00,,02-Jan-2013 04:35:00,20-Feb-2013 04:08:38, 
761876,-,HR38K2475,176166,01-Jan-2013 02:24:00,,112,TATA STEEL,119,DASHMESH NATIONAL ROADWAYS,S,N,,-,0,-,HOWRAH,02-Jan-2013 00:00:00,-,BUBNA COMMERCIAL CO.,,O,JAMSHEDPUR,1230040000000012090,05-Jan-2013 16:04:56,,,20-Feb-2013 01:09:03, 
761999,-,HR38N2615,249428,01-Jan-2013 17:15:00,,224,TATA STEEL-DELHI,215,YADAV GOODS CARRIER,S,N,,-,0,-,TUGHLAKABAD,01-Jan-2013 00:00:00,-,FARIDABAD - CA,,O,DELHI,1230040000000020945,05-Jan-2013 16:12:21,,,20-Feb-2013 04:10:33, 
758592,-,MH40N5099,220563,01-Jan-2013 02:43:00,,113,TATA STEEL-NAGPUR,217,BARELIYA,S,N,,-,0,-,SILVASSA,07-Jan-2013 00:00:00,259,BALMER LAWRIE & CO. LTD.,,O,NAGPUR,1230040000000021208,02-Jan-2013 06:47:03,,05-Jan-2013 07:28:00,20-Feb-2013 02:41:26, 
761997,-,HR38W0217,177324,01-Jan-2013 15:44:00,,224,TATA STEEL-DELHI,209,LIFTER & TAKER,S,N,,-,0,-,TUGHLAKABAD,04-Jan-2013 00:00:00,-,GHAZIABAD - CA,,O,DELHI,1230040000000020846,05-Jan-2013 16:12:13,,02-Jan-2013 06:37:00,20-Feb-2013 04:13:17, 
762057,-,HR38R9318,346800,01-Jan-2013 19:22:00,,148,TATA STEEL-FARIDABAD,208,LAULS LIMITED,S,N,,-,0,-,FARIDABAD RLY SDG,27-Dec-2012 00:00:00,-,SANJEEV INDUSTRIAL CORPORATION,,O,FARIDABAD,1230040000000035711,05-Jan-2013 16:15:45,,01-Jan-2013 19:30:00,20-Feb-2013 04:42:07, 
762629,-,HR55N2729,205908,01-Jan-2013 04:35:00,,148,TATA STEEL-FARIDABAD,208,LAULS LIMITED,S,N,,-,0,-,FARIDABAD RLY SDG,31-Dec-2012 00:00:00,-,BANSAL BROTHERS,,O,FARIDABAD,1230040000003099283,05-Jan-2013 16:44:40,,01-Jan-2013 04:44:00,20-Feb-2013 04:44:09, 
762680,-,HR38R9418,346794,01-Jan-2013 20:14:00,,148,TATA STEEL-FARIDABAD,208,LAULS LIMITED,S,N,,-,0,-,FARIDABAD RLY SDG,31-Dec-2012 00:00:00,-,G.R. GUPTA & BROS.,,O,FARIDABAD,1230040000000035703,05-Jan-2013 16:47:48,,01-Jan-2013 20:24:00,20-Feb-2013 04:42:26, 
761897,-,HR38Y4518,248472,01-Jan-2013 08:03:00,,148,TATA STEEL-FARIDABAD,176,M/S GUPTA TRANSPORT COMPANY,S,N,,-,0,-,GURGAON,07-Jan-2013 00:00:00,-,NEEL METAL PRODUCTS LTD./,,O,FARIDABAD,1230040000003096108,05-Jan-2013 16:06:12,,02-Jan-2013 12:28:00,20-Feb-2013 04:43:03, 
761906,-,NL01G2989,175779,01-Jan-2013 05:25:00,,112,TATA STEEL,175,SAIZAR ENTERPRISE PVT. LTD.,S,N,,-,0,-,HOSUR,09-Jan-2013 00:00:00,-,ASHOK LEYLAND LTD,,O,JAMSHEDPUR,1230040000000011605,05-Jan-2013 16:06:43,,07-Jan-2013 13:30:00,20-Feb-2013 01:29:23, 
761920,-,HR38Q5066,196002,01-Jan-2013 08:04:00,,148,TATA STEEL-FARIDABAD,176,M/S GUPTA TRANSPORT COMPANY,S,N,,-,0,-,MARUTI-GURGAON,07-Jan-2013 00:00:00,-,MARUTI SUZUKI INDIA LIMITED.,,O,FARIDABAD,1230040000003099145,05-Jan-2013 16:07:34,,03-Jan-2013 02:48:00,20-Feb-2013 04:38:18, 
761962,-,HR38X4518,195867,01-Jan-2013 08:01:00,,148,TATA STEEL-FARIDABAD,176,M/S GUPTA TRANSPORT COMPANY,S,N,,-,0,-,GURGAON,07-Jan-2013 00:00:00,-,NEEL METAL PRODUCTS LTD./,,O,FARIDABAD,1230040000003096017,05-Jan-2013 16:10:08,,02-Jan-2013 12:46:00,20-Feb-2013 04:42:47, 
762601,-,NL01D8659,158879,01-Jan-2013 03:38:00,,112,TATA STEEL,175,SAIZAR ENTERPRISE PVT. LTD.,S,N,,-,0,-,COIMBATORE,11-Jan-2013 00:00:00,-,SRI BALAJI STEEL TRADERS,,O,JAMSHEDPUR,1230040000000011969,05-Jan-2013 16:43:00,,08-Jan-2013 07:09:00,20-Feb-2013 01:22:03, 
761863,-,NL01G2019,176569,01-Jan-2013 02:33:00,,112,TATA STEEL,216,M/S ADITEE ENTERPRISES,T,N,,-,0,-,BHUBANESWAR,03-Jan-2013 00:00:00,-,T C S  LTD. (PHASE-III) / KALINGA P,,O,JAMSHEDPUR,1230040000000024061,05-Jan-2013 16:04:05,,,05-Jan-2013 16:40:11, 
761883,-,MH31CQ5413,114203,01-Jan-2013 00:28:00,,113,TATA STEEL-NAGPUR,217,BARELIYA,T,N,,-,0,-,INDORE,08-Jan-2013 00:00:00,-,INDORE STEEL&IRON MILL,,O,NAGPUR,1230040000003096345,05-Jan-2013 16:05:23,,,05-Jan-2013 16:41:26, 
758192, ,CG04DB7072,,01-Jan-2013 09:20:00,,,JM 1290 - JAMSHEDPUR 1290,200,BOC-JM-1290,P,,,,,,JAMSHEDPUR,04-Jan-2013 00:00:00,,RSB TRANSMISSIONS (I) LTD.-III,,,JM 1290 - JAMSHEDPUR 1290,,01-Jan-2013 16:35:08,,,01-Jan-2013 16:35:08, 
758429, ,CG04DB7072,,01-Jan-2013 09:20:00,,,JM 1290 - JAMSHEDPUR 1290,200,BOC-JM-1290,P,,,,,,JAMSHEDPUR,04-Jan-2013 00:00:00,,TAYO ROLLS LIMITED - TISCO,,,JM 1290 - JAMSHEDPUR 1290,,01-Jan-2013 23:35:46,,,01-Jan-2013 23:35:46, 
758430, ,CG04DB7072,,01-Jan-2013 09:20:00,,,JM 1290 - JAMSHEDPUR 1290,200,BOC-JM-1290,P,,,,,,JAMSHEDPUR,04-Jan-2013 00:00:00,,RSB TRANSMISSIONS (I) LTD.-III,,,JM 1290 - JAMSHEDPUR 1290,,01-Jan-2013 23:35:46,,,01-Jan-2013 23:35:47, 
758431, ,CG04DB7072,,01-Jan-2013 09:20:00,,,JM 1290 - JAMSHEDPUR 1290,200,BOC-JM-1290,S,,,,,,JAMSHEDPUR,04-Jan-2013 00:00:00,,BOC INDIA LIMITED - JM 120 BRANCH,,,JM 1290 - JAMSHEDPUR 1290,,01-Jan-2013 23:35:47,,02-Jan-2013 05:36:00,02-Jan-2013 06:00:03, 
758440, ,CG04JA7704,,01-Jan-2013 00:56:00,,,JM 1290 - JAMSHEDPUR 1290,200,BOC-JM-1290,A,,,,,,BOKARO,04-Jan-2013 00:00:00,,ELECTROSTEEL STEELS LIMITED,,,JM 1290 - JAMSHEDPUR 1290,,01-Jan-2013 23:35:49,,,12-Jan-2013 00:00:13, 
758640,-,HR38R4523,220556,01-Jan-2013 13:05:00,,148,TATA STEEL-FARIDABAD,208,LAULS LIMITED,T,N,,-,0,-,PALWAL,07-Jan-2013 00:00:00,-,OTTOMAN STEEL TUBES -TUBE EPA,,O,FARIDABAD,1230040000003099469,02-Jan-2013 06:49:48,,,03-Jan-2013 15:48:00, 
758651,-,HR38K0317,120616,01-Jan-2013 15:19:00,,224,TATA STEEL-DELHI,209,LIFTER & TAKER,S,N,,-,0,-,TUGHLAKABAD,04-Jan-2013 00:00:00,-,GHAZIABAD - CA,,O,DELHI,1230040000000035521,02-Jan-2013 06:50:29,,,20-Feb-2013 04:09:15, 
758677,-,HR38Q1002,346792,01-Jan-2013 13:49:00,,148,TATA STEEL-FARIDABAD,208,LAULS LIMITED,T,N,,-,0,-,PALWAL,07-Jan-2013 00:00:00,-,OTTOMAN STEEL TUBES -TUBE EPA,,O,FARIDABAD,1230040000000035687,02-Jan-2013 06:51:55,,,05-Jan-2013 06:42:00, 
758680,-,HR38P0590,346811,01-Jan-2013 12:49:00,,148,TATA STEEL-FARIDABAD,208,LAULS LIMITED,S,N,,-,0,-,FARIDABAD RLY SDG,01-Jan-2013 00:00:00,-,BANSAL BROTHERS,,O,FARIDABAD,1230040000000036156,02-Jan-2013 06:52:06,,01-Jan-2013 13:01:00,20-Feb-2013 04:34:39, 
758721,-,HR38H4817,176559,01-Jan-2013 15:10:00,,224,TATA STEEL-DELHI,209,LIFTER & TAKER,A,N,,-,0,-,SIBPURCHAR,28-Dec-2012 00:00:00,-,TISCO TUBES DIVISION - KOLKATA,,O,DELHI,1230040000000020895,02-Jan-2013 06:54:34,,,05-Jan-2013 00:00:18, 
759404,,HR39B8914,,01-Jan-2013 23:00:00,,,,206,GANESH_ROADLINES,,,,,,,KALAMBOLI+TALOJA,06-Jan-2013 10:00:00,,JSL,,,HISSAR,,03-Jan-2013 12:29:39,,08-Jan-2013 10:00:00,, 
761976,-,CG04JC6372,176532,01-Jan-2013 14:11:00,,113,TATA STEEL-NAGPUR,217,BARELIYA,S,N,,-,0,-,SILVASSA,07-Jan-2013 00:00:00,259,BALMER LAWRIE & CO. LTD.,,O,NAGPUR,1230040000003096349,05-Jan-2013 16:10:58,,05-Jan-2013 07:32:00,20-Feb-2013 02:37:24, 
761989,-,HR47B2979,175239,01-Jan-2013 15:42:00,,224,TATA STEEL-DELHI,215,YADAV GOODS CARRIER,S,N,,-,0,-,TUGHLAKABAD,04-Jan-2013 00:00:00,-,GHAZIABAD - CA,,O,DELHI,1230040000000020762,05-Jan-2013 16:11:44,,02-Jan-2013 04:58:00,20-Feb-2013 04:13:52, 
761995,-,HR55N9833,219281,01-Jan-2013 15:39:00,,224,TATA STEEL-DELHI,219,BERI TRANSPORT COMPANY,S,N,,-,0,-,TUGHLAKABAD,04-Jan-2013 00:00:00,-,GHAZIABAD - CA,,O,DELHI,1230040000003099488,05-Jan-2013 16:12:05,,,20-Feb-2013 04:16:51, 
762011,-,HR38K0088,127781,01-Jan-2013 17:12:00,,224,TATA STEEL-DELHI,219,BERI TRANSPORT COMPANY,S,N,,-,0,-,TUGHLAKABAD,04-Jan-2013 00:00:00,-,GHAZIABAD - CA,,O,DELHI,1230040000000020986,05-Jan-2013 16:13:01,,02-Jan-2013 00:28:00,20-Feb-2013 04:09:01, 
762015,-,HR38M9140,120438,01-Jan-2013 17:15:00,,224,TATA STEEL-DELHI,219,BERI TRANSPORT COMPANY,S,N,,-,0,-,TUGHLAKABAD,04-Jan-2013 00:00:00,-,GHAZIABAD - CA,,O,DELHI,1230040000000035786,05-Jan-2013 16:13:16,,02-Jan-2013 04:05:00,20-Feb-2013 04:10:10, 
762016,-,MH32Q1400,204901,01-Jan-2013 20:37:00,,113,TATA STEEL-NAGPUR,217,BARELIYA,T,N,,-,0,-,KALAMNA,31-Dec-2012 00:00:00,-,SKM STEELS LTD. (CR CA DIVISION),,O,NAGPUR,1230040000003096342,05-Jan-2013 16:13:20,,,05-Jan-2013 16:49:35, 
762031,-,HR38M3215,177356,01-Jan-2013 15:47:00,,224,TATA STEEL-DELHI,215,YADAV GOODS CARRIER,S,N,,-,0,-,TUGHLAKABAD,04-Jan-2013 00:00:00,-,GHAZIABAD - CA,,O,DELHI,1230040000003099265,05-Jan-2013 16:14:14,,02-Jan-2013 04:44:00,20-Feb-2013 04:09:53, 
762032,-,HR38R3315,219359,01-Jan-2013 14:43:00,,224,TATA STEEL-DELHI,215,YADAV GOODS CARRIER,S,N,,-,0,-,TUGHLAKABAD,04-Jan-2013 00:00:00,-,GHAZIABAD - CA,,O,DELHI,1230040000000020861,05-Jan-2013 16:14:18,,,20-Feb-2013 04:12:12, 
758554,-,NL01K2619,236022,01-Jan-2013 02:32:00,,112,TATA STEEL,216,M/S ADITEE ENTERPRISES,T,N,,-,0,-,BHUBANESWAR,03-Jan-2013 00:00:00,-,T C S  LTD. (PHASE-III) / KALINGA P,,O,JAMSHEDPUR,1230040000000013221,02-Jan-2013 06:44:41,,,05-Jan-2013 16:05:44, 
758625,-,CG04DL4599,165587,01-Jan-2013 01:54:00,,113,TATA STEEL-NAGPUR,217,BARELIYA,S,N,,-,0,-,SILVASSA,07-Jan-2013 00:00:00,259,BALMER LAWRIE & CO. LTD.,,O,NAGPUR,1230040000003097000,02-Jan-2013 06:48:58,,05-Jan-2013 11:15:00,20-Feb-2013 02:37:06, 
758679,-,CG04JC7272,114153,01-Jan-2013 14:10:00,,113,TATA STEEL-NAGPUR,217,BARELIYA,S,N,,-,0,-,SILVASSA,07-Jan-2013 00:00:00,259,BALMER LAWRIE & CO. LTD.,,O,NAGPUR,1230040000003096344,02-Jan-2013 06:52:02,,,20-Feb-2013 02:37:27, 
761991,-,MH40N1818,175745,01-Jan-2013 14:11:00,,113,TATA STEEL-NAGPUR,217,BARELIYA,S,N,,-,0,-,SILVASSA,07-Jan-2013 00:00:00,259,BALMER LAWRIE & CO. LTD.,,O,NAGPUR,1230040000003098813,05-Jan-2013 16:11:51,,06-Jan-2013 06:15:00,20-Feb-2013 02:40:37, 
761992,-,HR38R3645,346783,01-Jan-2013 17:18:00,,224,TATA STEEL-DELHI,215,YADAV GOODS CARRIER,S,N,,-,0,-,TUGHLAKABAD,01-Jan-2013 00:00:00,-,FARIDABAD - CA,,O,DELHI,1230040000000035448,05-Jan-2013 16:11:54,,,20-Feb-2013 04:12:34, 
762001,-,HR38N3615,346894,01-Jan-2013 17:17:00,,224,TATA STEEL-DELHI,215,YADAV GOODS CARRIER,S,N,,-,0,-,TUGHLAKABAD,04-Jan-2013 00:00:00,-,GHAZIABAD - CA,,O,DELHI,1230040000000035570,05-Jan-2013 16:12:25,,02-Jan-2013 05:08:00,20-Feb-2013 04:10:41, 
762008,-,MH32Q1700,127635,01-Jan-2013 20:27:00,,113,TATA STEEL-NAGPUR,217,BARELIYA,T,N,,-,0,-,KALAMNA,01-Jan-2013 00:00:00,-,SKM STEELS LTD. (CR CA DIVISION),,O,NAGPUR,1230040000003099174,05-Jan-2013 16:12:50,,,05-Jan-2013 16:49:04, 
762009,-,HR641998,323051,01-Jan-2013 15:35:00,,224,TATA STEEL-DELHI,215,YADAV GOODS CARRIER,S,N,,-,0,-,TUGHLAKABAD,01-Jan-2013 00:00:00,-,FARIDABAD - CA,,O,DELHI,1230040000000021299,05-Jan-2013 16:12:53,,,20-Feb-2013 04:17:17, 
762034,-,MH40N1800,175787,01-Jan-2013 14:10:00,,113,TATA STEEL-NAGPUR,217,BARELIYA,S,N,,-,0,-,SILVASSA,08-Jan-2013 00:00:00,259,BALMER LAWRIE & CO. LTD.,,O,NAGPUR,1230040000003096234,05-Jan-2013 16:14:26,,,20-Feb-2013 02:40:35, 
759462,,NL01G4881,,01-Jan-2013 20:05:00,,,HCIL,396,HIMADRI_CHEMICALS,,,,,,,Renukoot,03-Jan-2013 10:10:00,,Hindalco Industries Ltd,,,HCIL / Mahistikry,,03-Jan-2013 13:37:28,,03-Jan-2013 09:10:00,, 
760182,0009210733,CG13L3088,,01-Jan-2013 12:03:00,,,Jindal Steel & Power,457,ASHOK-RAIGARH,A,,,MLSM,,,RAIPUR,01-Jan-2013 00:00:00,,KALPATARU POWER TRANSMISSION LTD,,,JSPL GATE-RAIGARH,B96C0A22,04-Jan-2013 11:09:02,1421208808,,09-Jan-2013 00:00:33, 
758352, ,MH04EY2359,,01-Jan-2013 18:15:00,,,DERADUN - BOC INDIA LIMITED-DEHRADUN PLANT,320,BOC_DEHRADUN-KAILASH,S,,,,,,BHIWADI,04-Jan-2013 00:00:00,,BOC INDIA LIMITEDA_C BHIWADI,,,DERADUN - BOC INDIA LIMITED-D,,01-Jan-2013 23:35:20,,03-Jan-2013 22:43:00,03-Jan-2013 23:00:11, 
758378, ,MH04EY2579,,01-Jan-2013 16:05:00,,,DERADUN - BOC INDIA LIMITED-DEHRADUN PLANT,320,BOC_DEHRADUN-KAILASH,P,,,,,,DERABASSI,04-Jan-2013 00:00:00,,PARABOLIC DRUGS LTD.,,,DERADUN - BOC INDIA LIMITED-D,,01-Jan-2013 23:35:29,,,01-Jan-2013 23:35:29, 
758377, ,MH04EY2579,,01-Jan-2013 16:05:00,,,DERADUN - BOC INDIA LIMITED-DEHRADUN PLANT,320,BOC_DEHRADUN-KAILASH,P,,,,,,MOHALI,04-Jan-2013 00:00:00,,METLONICS INDUSTRIES PVT LTD (UNIT-II),,,DERADUN - BOC INDIA LIMITED-D,,01-Jan-2013 23:35:29,,,07-Jan-2013 16:35:37, 
758705,-,HR38L4029,175256,01-Jan-2013 05:38:00,,112,TATA STEEL,241,FRONTLINE ASSOCIATES,S,N,,-,0,-,GHAZIABAD,07-Jan-2013 00:00:00,-,VIKRANT IRON PRIVATE LIMITED,,O,JAMSHEDPUR,1230040000000014765,02-Jan-2013 06:53:36,,09-Jan-2013 09:45:00,20-Feb-2013 01:09:25, 
758345, ,AP29TA6400,,01-Jan-2013 19:10:00,,,HY 65TPD - HYDERABAD 65 TPD,316,BOC-HYDERABAD-BULK,S,,,,,,HYDERABAD,04-Jan-2013 00:00:00,,SRI SUDARSHAN GASES PVT. LTD.,,,HY 65TPD - HYDERABAD 65 TPD,,01-Jan-2013 23:35:17,,02-Jan-2013 08:44:00,02-Jan-2013 09:00:02, 
759006, ,MH04CP4381,,01-Jan-2013 22:06:00,,,NEW TALOJA - BOC INDIA LIMITED-TALOJA NEW TP,355,BOC-TALOJA-BULK,S,,,,,,AHMEDABAD,04-Jan-2013 00:00:00,,BOC(I) LTDA_C-AHMEDABAD BRANCH,,,NEW TALOJA - BOC INDIA LIMITE,,02-Jan-2013 16:35:20,,03-Jan-2013 14:41:00,03-Jan-2013 15:00:06, 
759007, ,MH04FD6479,,01-Jan-2013 21:58:00,,,NEW TALOJA - BOC INDIA LIMITED-TALOJA NEW TP,355,BOC-TALOJA-BULK,P,,,,,,RAIGAD,04-Jan-2013 00:00:00,,GALAXY SURFACTANTS LTD,,,NEW TALOJA - BOC INDIA LIMITE,,02-Jan-2013 16:35:20,,,02-Jan-2013 16:35:21, 
759009, ,MH04FD6479,,01-Jan-2013 21:58:00,,,NEW TALOJA - BOC INDIA LIMITED-TALOJA NEW TP,355,BOC-TALOJA-BULK,P,,,,,,DOMBIVALI,04-Jan-2013 00:00:00,,AUCHTEL PRODUCTS LTD.,,,NEW TALOJA - BOC INDIA LIMITE,,02-Jan-2013 16:35:21,,,02-Jan-2013 23:35:14, 
759010, ,MH46F3134,,01-Jan-2013 21:56:00,,,NEW TALOJA - BOC INDIA LIMITED-TALOJA NEW TP,355,BOC-TALOJA-BULK,P,,,,,,PUTHOLI,04-Jan-2013 00:00:00,,HINDUSTAN ZINC LIMITED-HYDRO,,,NEW TALOJA - BOC INDIA LIMITE,,02-Jan-2013 16:35:21,,,02-Jan-2013 16:35:22, 
759011, ,MH46F3134,,01-Jan-2013 21:56:00,,,NEW TALOJA - BOC INDIA LIMITED-TALOJA NEW TP,355,BOC-TALOJA-BULK,A,,,,,,PUTHOLI,04-Jan-2013 00:00:00,,HINDUSTAN ZINC LIMITED-PYRO,,,NEW TALOJA - BOC INDIA LIMITE,,02-Jan-2013 16:35:21,,,12-Jan-2013 00:00:13, 
761925,-,HR38Q7364,217474,01-Jan-2013 01:57:00,,112,TATA STEEL,295,DARCL LOGISTICS LIMITED,S,N,,-,0,-,FARIDABAD,04-Jan-2013 00:00:00,-,SANJEEV INDUSTRIAL CORPORATION,,O,JAMSHEDPUR,1230040000000003396,05-Jan-2013 16:07:53,,07-Jan-2013 12:15:00,20-Feb-2013 01:12:38, 
761980,-,HR38R1763,249575,01-Jan-2013 05:06:00,,112,TATA STEEL,295,DARCL LOGISTICS LIMITED,S,N,,-,0,-,FARIDABAD,05-Jan-2013 00:00:00,-,TATA RYERSON LTD.,,O,JAMSHEDPUR,1230040000000000996,05-Jan-2013 16:11:13,,04-Jan-2013 10:34:00,20-Feb-2013 01:14:23, 
762039,-,HR38Q5504,189903,01-Jan-2013 02:03:00,,112,TATA STEEL,295,DARCL LOGISTICS LIMITED,S,N,,-,0,-,FARIDABAD,04-Jan-2013 00:00:00,-,SANJEEV INDUSTRIAL CORPORATION,,O,JAMSHEDPUR,1230040000000005789,05-Jan-2013 16:14:44,,04-Jan-2013 09:05:00,20-Feb-2013 01:11:05, 
762505,-,HR38Q5983,189879,01-Jan-2013 03:04:00,,112,TATA STEEL,295,DARCL LOGISTICS LIMITED,S,N,,-,0,-,FARIDABAD,04-Jan-2013 00:00:00,-,TATA STEEL LTD,,O,JAMSHEDPUR,1230040000000026322,05-Jan-2013 16:37:16,,05-Jan-2013 12:45:00,20-Feb-2013 01:11:28, 
762544,-,HR38Q5505,189874,01-Jan-2013 02:09:00,,112,TATA STEEL,295,DARCL LOGISTICS LIMITED,S,N,,-,0,-,FARIDABAD,04-Jan-2013 00:00:00,-,RAKESH STEELS,,O,JAMSHEDPUR,1230040000000013759,05-Jan-2013 16:39:34,,04-Jan-2013 09:08:00,20-Feb-2013 01:11:07, 
762567,-,HR38Q7360,195902,01-Jan-2013 01:58:00,,112,TATA STEEL,295,DARCL LOGISTICS LIMITED,S,N,,-,0,-,FARIDABAD,04-Jan-2013 00:00:00,-,TATA RYERSON LTD.,,O,JAMSHEDPUR,1230040000000017990,05-Jan-2013 16:40:58,,07-Jan-2013 13:26:00,20-Feb-2013 01:12:33, 
762616,-,NL01G2448,216777,01-Jan-2013 02:10:00,,112,TATA STEEL,295,DARCL LOGISTICS LIMITED,S,N,,-,0,-,FARIDABAD,04-Jan-2013 00:00:00,-,TATA RYERSON LTD.,,O,JAMSHEDPUR,1230040000000036529,05-Jan-2013 16:43:54,,05-Jan-2013 13:33:00,20-Feb-2013 01:27:36, 
762745,-,NL01G2151,176588,01-Jan-2013 05:07:00,,112,TATA STEEL,295,DARCL Logistics Limited,S,N,,-,0,-,FARIDABAD,05-Jan-2013 00:00:00,-,TATA STEEL LTD,,O,JAMSHEDPUR,1230040000000012124,05-Jan-2013 16:51:43,,05-Jan-2013 13:44:00,20-Feb-2013 01:26:16, 
762718,-,HR38L8352,216749,01-Jan-2013 01:51:00,,112,TATA STEEL,241,FRONTLINE ASSOCIATES,S,N,,-,0,-,KANPUR,05-Jan-2013 00:00:00,-,TATA STEEL LTD,,O,JAMSHEDPUR,1230040000000031561,05-Jan-2013 16:50:11,,04-Jan-2013 07:55:00,20-Feb-2013 01:09:53, 
762664,-,HR38F4679,346788,01-Jan-2013 03:24:00,,112,TATA STEEL,445,VANGUARD INTERNATIONAL,A,N,,-,0,-,JAMSHEDPUR,01-Jan-2013 00:00:00,-,CRM COMPLEX BARA,,O,JAMSHEDPUR,1230040000000037345,05-Jan-2013 16:46:51,,,09-Jan-2013 00:00:33, 
758346, ,AP37TB9120,,01-Jan-2013 18:49:00,,,HY 65TPD - HYDERABAD 65 TPD,316,BOC-HYDERABAD-BULK,S,,,,,,MEDAK,04-Jan-2013 00:00:00,,AUROBINDO PHARMA LTD.-UNIT 1,,,HY 65TPD - HYDERABAD 65 TPD,,01-Jan-2013 23:35:17,,02-Jan-2013 08:17:00,02-Jan-2013 09:00:03, 
758183, ,MH04DS7297,,01-Jan-2013 01:34:00,,,BELLARY II - 1800 TPD PLANT - BELLARY II,355,BOC-TALOJA-BULK,P,,,,,,NEW MUMBAI,04-Jan-2013 00:00:00,,BOC INDIA LIMITED-TALOJA NEW ASU,,,BELLARY II - 1800 TPD PLANT -,,01-Jan-2013 16:35:05,,,01-Jan-2013 23:35:49, 
758185, ,MH04FD7346,,01-Jan-2013 07:50:00,,,NEW TALOJA - BOC INDIA LIMITED-TALOJA NEW TP,355,BOC-TALOJA-BULK,S,,,,,,MUMBAI,04-Jan-2013 00:00:00,,BHABHA ATOMIC RESEARCH CENTRE(CPU),,,NEW TALOJA - BOC INDIA LIMITE,,01-Jan-2013 16:35:06,,01-Jan-2013 18:12:00,01-Jan-2013 19:00:51, 
758186, ,MH04DS6059,,01-Jan-2013 07:54:00,,,NEW TALOJA - BOC INDIA LIMITED-TALOJA NEW TP,355,BOC-TALOJA-BULK,S,,,,,,AHMEDNAGAR,04-Jan-2013 00:00:00,,GKN SINTER METALS LTD.- NAGAR,,,NEW TALOJA - BOC INDIA LIMITE,,01-Jan-2013 16:35:06,,01-Jan-2013 16:40:00,01-Jan-2013 17:00:48, 
758188, ,MH06AQ5003,,01-Jan-2013 08:30:00,,,NEW TALOJA - BOC INDIA LIMITED-TALOJA NEW TP,355,BOC-TALOJA-BULK,S,,,,,,AURANGABAD,04-Jan-2013 00:00:00,,MARATHWADA MEDICAL & RESEARCH INST,,,NEW TALOJA - BOC INDIA LIMITE,,01-Jan-2013 16:35:07,,01-Jan-2013 20:21:00,01-Jan-2013 21:00:04, 
758189, ,MH04EB1322,,01-Jan-2013 08:40:00,,,NEW TALOJA - BOC INDIA LIMITED-TALOJA NEW TP,355,BOC-TALOJA-BULK,P,,,,,,RAIGAD,04-Jan-2013 00:00:00,,GALAXY SURFACTANTS LTD,,,NEW TALOJA - BOC INDIA LIMITE,,01-Jan-2013 16:35:07,,,01-Jan-2013 23:35:14, 
758388, ,TN21AA2813,,01-Jan-2013 15:47:00,,,CH NEWSITE - CHENNAI NEW SITE,358,BOC-CHENNAI,S,,,,,,CHENNAI,04-Jan-2013 00:00:00,,VENTURE POWER SYSTEMS INDIA LTD.,,,CH NEWSITE - CHENNAI NEW SITE,,01-Jan-2013 23:35:32,,02-Jan-2013 15:31:00,02-Jan-2013 16:00:08, 
758405, ,MH46F3085,,01-Jan-2013 14:30:00,,,NEW TALOJA - BOC INDIA LIMITED-TALOJA NEW TP,355,BOC-TALOJA-BULK,S,,,,,,PUNE,04-Jan-2013 00:00:00,,KALYANI CARPENTER SPECIAL STEELS LTD,,,NEW TALOJA - BOC INDIA LIMITE,,01-Jan-2013 23:35:38,,02-Jan-2013 06:24:00,02-Jan-2013 07:00:37, 
758414, ,MH06AQ1365,,01-Jan-2013 12:25:00,,,NEW TALOJA - BOC INDIA LIMITED-TALOJA NEW TP,355,BOC-TALOJA-BULK,S,,,,,,AHMEDABAD,04-Jan-2013 00:00:00,,BOC(I) LTDA_C-AHMEDABAD BRANCH,,,NEW TALOJA - BOC INDIA LIMITE,,01-Jan-2013 23:35:41,,02-Jan-2013 20:58:00,02-Jan-2013 22:00:04, 
758415, ,MH04FD8336,,01-Jan-2013 12:07:00,,,NEW TALOJA - BOC INDIA LIMITED-TALOJA NEW TP,355,BOC-TALOJA-BULK,P,,,,,,BOMBAY,04-Jan-2013 00:00:00,,BOMBAY HOSPITAL-NEW BUILD,,,NEW TALOJA - BOC INDIA LIMITE,,01-Jan-2013 23:35:41,,,01-Jan-2013 23:35:42, 
758416, ,MH04FD8336,,01-Jan-2013 12:07:00,,,NEW TALOJA - BOC INDIA LIMITED-TALOJA NEW TP,355,BOC-TALOJA-BULK,P,,,,,,MUMBAI,04-Jan-2013 00:00:00,,BHATIA GENERAL HOSPITAL,,,NEW TALOJA - BOC INDIA LIMITE,,01-Jan-2013 23:35:42,,,01-Jan-2013 23:35:42, 
758417, ,MH04FD8336,,01-Jan-2013 12:07:00,,,NEW TALOJA - BOC INDIA LIMITED-TALOJA NEW TP,355,BOC-TALOJA-BULK,P,,,,,,MUMBAI,04-Jan-2013 00:00:00,,PRINCE ALY KHAN HOSPITAL,,,NEW TALOJA - BOC INDIA LIMITE,,01-Jan-2013 23:35:42,,,01-Jan-2013 23:35:43, 
758418, ,MH04FD8336,,01-Jan-2013 12:07:00,,,NEW TALOJA - BOC INDIA LIMITED-TALOJA NEW TP,355,BOC-TALOJA-BULK,P,,,,,,MUMBAI,04-Jan-2013 00:00:00,,JASLOK HOSPITAL & RESEARCH CENTRE,,,NEW TALOJA - BOC INDIA LIMITE,,01-Jan-2013 23:35:42,,,01-Jan-2013 23:35:43, 
757972,AWL/hyd/Track part,OR04P9715,,01-Jan-2013 00:00:00,,,BARCO,398,AIRWAYS_LOGISTICS,,,,,,,Kharagpur,06-Jan-2013 00:00:00,,Telcon Kharagpur,,,Hyderabad,,01-Jan-2013 06:04:00,,04-Jan-2013 00:00:00,, 
758365, ,GJ27T75,,01-Jan-2013 17:03:00,,,AHMEDABAD - AHMEDABD PG & P SITE,391,BOC-AHMEDABAD,P,,,,,,AHMEDABAD,04-Jan-2013 00:00:00,,SHETH VADILAL SARABHAI GENERAL HOSP,,,AHMEDABAD - AHMEDABD PG & P S,,01-Jan-2013 23:35:24,,,01-Jan-2013 23:35:25, 
758366, ,GJ27T75,,01-Jan-2013 17:03:00,,,AHMEDABAD - AHMEDABD PG & P SITE,391,BOC-AHMEDABAD,P,,,,,,AHMEDABAD,04-Jan-2013 00:00:00,,STERLING ADDLIFE INDIA LTD.,,,AHMEDABAD - AHMEDABD PG & P S,,01-Jan-2013 23:35:25,,,05-Jan-2013 16:35:35, 
758407, ,MH48J535,,01-Jan-2013 13:55:00,,,CO2-TALOJA - BOC INDIA LTD.-CO2 TRADING SITE(2360),344,BOC-TALOJA-CO2,S,,,,,,KHOPOLI,04-Jan-2013 00:00:00,,ALTA LABROTORIES LTD.,,,CO2-TALOJA - BOC INDIA LTD.-C,,01-Jan-2013 23:35:39,,01-Jan-2013 19:43:00,02-Jan-2013 00:00:20, 
762717,-,JH05AC3726,220554,01-Jan-2013 02:49:00,,112,TATA STEEL,351,SIDDHI VINAYAK LOGISTIC LTD(EMER),S,N,,-,0,-,NAGPUR,05-Jan-2013 00:00:00,-,TATA STEEL LTD,,O,JAMSHEDPUR,1230040000000027650,05-Jan-2013 16:50:07,,06-Jan-2013 18:19:00,20-Feb-2013 01:15:15, 
758333, ,MH04FD3556,,01-Jan-2013 19:53:00,,,NEW TALOJA - BOC INDIA LIMITED-TALOJA NEW TP,355,BOC-TALOJA-BULK,S,,,,,,PUNE,04-Jan-2013 00:00:00,,JCB MANUFACTURING LTD.,,,NEW TALOJA - BOC INDIA LIMITE,,01-Jan-2013 23:35:13,,02-Jan-2013 09:22:00,02-Jan-2013 10:00:06, 
758334, ,MH04EB5229,,01-Jan-2013 19:48:00,,,NEW TALOJA - BOC INDIA LIMITED-TALOJA NEW TP,355,BOC-TALOJA-BULK,S,,,,,,NASIK,04-Jan-2013 00:00:00,,BHAGWATI OXYGEN COMPANY,,,NEW TALOJA - BOC INDIA LIMITE,,01-Jan-2013 23:35:13,,02-Jan-2013 13:53:00,02-Jan-2013 14:00:04, 
758335, ,MH46F2413,,01-Jan-2013 19:47:00,,,NEW TALOJA - BOC INDIA LIMITED-TALOJA NEW TP,355,BOC-TALOJA-BULK,S,,,,,,RAIGAD,04-Jan-2013 00:00:00,,MAHINDRA UGINE STEEL CO LTD.,,,NEW TALOJA - BOC INDIA LIMITE,,01-Jan-2013 23:35:14,,02-Jan-2013 10:05:00,02-Jan-2013 11:00:21, 
758336, ,MH04EB1322,,01-Jan-2013 19:43:00,,,NEW TALOJA - BOC INDIA LIMITED-TALOJA NEW TP,355,BOC-TALOJA-BULK,P,,,,,,MAHARASHTRA,04-Jan-2013 00:00:00,,SUNSHIELD CHEMICALS LIMITED,,,NEW TALOJA - BOC INDIA LIMITE,,01-Jan-2013 23:35:14,,,04-Jan-2013 16:35:41, 
758359, ,MH43U3875,,01-Jan-2013 18:04:00,,,NEW TALOJA - BOC INDIA LIMITED-TALOJA NEW TP,355,BOC-TALOJA-BULK,P,,,,,,BHARUCH,04-Jan-2013 00:00:00,,DRAAGON DRUGS PVT. LTD.,,,NEW TALOJA - BOC INDIA LIMITE,,01-Jan-2013 23:35:22,,,01-Jan-2013 23:35:22, 
758360, ,MH43U3875,,01-Jan-2013 18:04:00,,,NEW TALOJA - BOC INDIA LIMITED-TALOJA NEW TP,355,BOC-TALOJA-BULK,P,,,,,,VAPI,04-Jan-2013 00:00:00,,S.M. CHEMICALS,,,NEW TALOJA - BOC INDIA LIMITE,,01-Jan-2013 23:35:23,,,04-Jan-2013 16:35:39, 
758361, ,MH43E9685,,01-Jan-2013 18:01:00,,,NEW TALOJA - BOC INDIA LIMITED-TALOJA NEW TP,355,BOC-TALOJA-BULK,P,,,,,,AHMEDNAGAR,04-Jan-2013 00:00:00,,GKN SINTER METALS LTD.- NAGAR,,,NEW TALOJA - BOC INDIA LIMITE,,01-Jan-2013 23:35:23,,,04-Jan-2013 23:35:18, 
758362, ,MH04DS3689,,01-Jan-2013 17:55:00,,,NEW TALOJA - BOC INDIA LIMITED-TALOJA NEW TP,355,BOC-TALOJA-BULK,S,,,,,,PUNE,04-Jan-2013 00:00:00,,TATA TOYO RADIATORS LTD.,,,NEW TALOJA - BOC INDIA LIMITE,,01-Jan-2013 23:35:23,,01-Jan-2013 23:03:00,02-Jan-2013 00:00:17, 
758363, ,MH04EB4965,,01-Jan-2013 17:52:00,,,NEW TALOJA - BOC INDIA LIMITED-TALOJA NEW TP,355,BOC-TALOJA-BULK,S,,,,,,RAIGAD,04-Jan-2013 00:00:00,,KDL BIOTECH LIMITED,,,NEW TALOJA - BOC INDIA LIMITE,,01-Jan-2013 23:35:24,,01-Jan-2013 22:53:00,02-Jan-2013 00:00:18, 
758367, ,MH46F0998,,01-Jan-2013 16:40:00,,,NEW TALOJA - BOC INDIA LIMITED-TALOJA NEW TP,355,BOC-TALOJA-BULK,P,,,,,,SURAT,04-Jan-2013 00:00:00,,LARSEN & TOUBRO LTD,,,NEW TALOJA - BOC INDIA LIMITE,,01-Jan-2013 23:35:25,,,01-Jan-2013 23:35:25, 
758368, ,MH46F0998,,01-Jan-2013 16:40:00,,,NEW TALOJA - BOC INDIA LIMITED-TALOJA NEW TP,355,BOC-TALOJA-BULK,P,,,,,,KARJAN,04-Jan-2013 00:00:00,,JCT ELECTRONICS LTD.,,,NEW TALOJA - BOC INDIA LIMITE,,01-Jan-2013 23:35:25,,,01-Jan-2013 23:35:26, 
758369, ,MH46F0998,,01-Jan-2013 16:40:00,,,NEW TALOJA - BOC INDIA LIMITED-TALOJA NEW TP,355,BOC-TALOJA-BULK,P,,,,,,KARAMSAD,04-Jan-2013 00:00:00,,GMM PFAUDLER LTD.,,,NEW TALOJA - BOC INDIA LIMITE,,01-Jan-2013 23:35:26,,,05-Jan-2013 23:35:19, 
758370, ,MH04EL8910,,01-Jan-2013 16:35:00,,,NEW TALOJA - BOC INDIA LIMITED-TALOJA NEW TP,355,BOC-TALOJA-BULK,P,,,,,,VALSAD,04-Jan-2013 00:00:00,,SANDHYA DYES & CHEMICALS,,,NEW TALOJA - BOC INDIA LIMITE,,01-Jan-2013 23:35:26,,,01-Jan-2013 23:35:27, 
758371, ,MH04EL8910,,01-Jan-2013 16:35:00,,,NEW TALOJA - BOC INDIA LIMITED-TALOJA NEW TP,355,BOC-TALOJA-BULK,S,,,,,,SILVASSA,04-Jan-2013 00:00:00,,ROCKWOOL (INDIA) LIMITED,,,NEW TALOJA - BOC INDIA LIMITE,,01-Jan-2013 23:35:26,,02-Jan-2013 09:00:00,02-Jan-2013 10:00:05, 
758372, ,MH04DK3219,,01-Jan-2013 16:33:00,,,NEW TALOJA - BOC INDIA LIMITED-TALOJA NEW TP,355,BOC-TALOJA-BULK,S,,,,,,NEW MUMBAI,04-Jan-2013 00:00:00,,SATRAMDAS GAS PVT.LTD.,,,NEW TALOJA - BOC INDIA LIMITE,,01-Jan-2013 23:35:27,,02-Jan-2013 06:38:00,02-Jan-2013 07:00:27, 
758375, ,MH04FP2352,,01-Jan-2013 16:10:00,,,NEW TALOJA - BOC INDIA LIMITED-TALOJA NEW TP,355,BOC-TALOJA-BULK,P,,,,,,GANDHINAGAR,04-Jan-2013 00:00:00,,INST. OF PLASMA RESEARCH,,,NEW TALOJA - BOC INDIA LIMITE,,01-Jan-2013 23:35:28,,,01-Jan-2013 23:35:28, 
758376, ,MH04FP2352,,01-Jan-2013 16:10:00,,,NEW TALOJA - BOC INDIA LIMITED-TALOJA NEW TP,355,BOC-TALOJA-BULK,P,,,,,,AHMEDABAD,04-Jan-2013 00:00:00,,UNIMARK REMEDIES LTD,,,NEW TALOJA - BOC INDIA LIMITE,,01-Jan-2013 23:35:28,,,08-Jan-2013 16:35:13, 
758386, ,TN21AA2813,,01-Jan-2013 15:47:00,,,CH NEWSITE - CHENNAI NEW SITE,358,BOC-CHENNAI,P,,,,,,CHENNAI,04-Jan-2013 00:00:00,,TI METAL FORMING,,,CH NEWSITE - CHENNAI NEW SITE,,01-Jan-2013 23:35:32,,,01-Jan-2013 23:35:32, 
758387, ,TN21AA2813,,01-Jan-2013 15:47:00,,,CH NEWSITE - CHENNAI NEW SITE,358,BOC-CHENNAI,P,,,,,,CHENNA,04-Jan-2013 00:00:00,,SONA KOYO STEERING SYSTEM LTD.,,,CH NEWSITE - CHENNAI NEW SITE,,01-Jan-2013 23:35:32,,,01-Jan-2013 23:35:33, 
758389, ,TN04AJ7965,,01-Jan-2013 15:45:00,,,CH NEWSITE - CHENNAI NEW SITE,358,BOC-CHENNAI,P,,,,,,CHENNAI,04-Jan-2013 00:00:00,,MIOT HOSPITALS LIMITED,,,CH NEWSITE - CHENNAI NEW SITE,,01-Jan-2013 23:35:33,,,01-Jan-2013 23:35:33, 
758390, ,TN04AJ7965,,01-Jan-2013 15:45:00,,,CH NEWSITE - CHENNAI NEW SITE,358,BOC-CHENNAI,S,,,,,,VELLORE,04-Jan-2013 00:00:00,,CHRISTIAN MEDICAL COLLEGE & HOSPITAL,,,CH NEWSITE - CHENNAI NEW SITE,,01-Jan-2013 23:35:33,,02-Jan-2013 17:23:00,02-Jan-2013 18:00:17, 
758393, ,TN22CY9002,,01-Jan-2013 15:40:00,,,CH NEWSITE - CHENNAI NEW SITE,358,BOC-CHENNAI,P,,,,,,CHENNAI,04-Jan-2013 00:00:00,,VIJAYA HOSPITAL,,,CH NEWSITE - CHENNAI NEW SITE,,01-Jan-2013 23:35:34,,,01-Jan-2013 23:35:35, 
758394, ,TN22CY9002,,01-Jan-2013 15:40:00,,,CH NEWSITE - CHENNAI NEW SITE,358,BOC-CHENNAI,S,,,,,,CHENNAI,04-Jan-2013 00:00:00,,BILLROTH HOSPITAL,,,CH NEWSITE - CHENNAI NEW SITE,,01-Jan-2013 23:35:34,,02-Jan-2013 06:00:00,02-Jan-2013 07:00:48, 
758395, ,MH04DK1053,,01-Jan-2013 15:39:00,,,NEW TALOJA - BOC INDIA LIMITED-TALOJA NEW TP,355,BOC-TALOJA-BULK,P,,,,,,MUMBAI,04-Jan-2013 00:00:00,,LTMG HOSPITAL,,,NEW TALOJA - BOC INDIA LIMITE,,01-Jan-2013 23:35:35,,,01-Jan-2013 23:35:35, 
758396, ,MH04DK1053,,01-Jan-2013 15:39:00,,,NEW TALOJA - BOC INDIA LIMITED-TALOJA NEW TP,355,BOC-TALOJA-BULK,P,,,,,,MUMBAI,04-Jan-2013 00:00:00,,RAJAWADI  HOSPITAL,,,NEW TALOJA - BOC INDIA LIMITE,,01-Jan-2013 23:35:35,,,02-Jan-2013 16:35:17, 
758404, ,MH46F2295,,01-Jan-2013 14:32:00,,,NEW TALOJA - BOC INDIA LIMITED-TALOJA NEW TP,355,BOC-TALOJA-BULK,S,,,,,,PUNE,04-Jan-2013 00:00:00,,KALYANI CARPENTER SPECIAL STEELS LTD,,,NEW TALOJA - BOC INDIA LIMITE,,01-Jan-2013 23:35:38,,02-Jan-2013 06:24:00,02-Jan-2013 07:00:37, 
760181,0023081053,CG13D9726,,01-Jan-2013 09:33:00,,,Jindal Steel & Power,448,SHRI_KRISHNA-RAIGARH,P,,,SEMIS YARD,,,PATRATU,03-Jan-2013 00:00:00,,JINDAL STEEL & POWER,,,JSPL GATE-RAIGARH,F06CFAF2,04-Jan-2013 11:07:18,1322068651,,09-Jan-2013 16:10:54, 
758187, ,MH06AQ5003,,01-Jan-2013 08:30:00,,,NEW TALOJA - BOC INDIA LIMITED-TALOJA NEW TP,355,BOC-TALOJA-BULK,P,,,,,,AHMEDNAGAR,04-Jan-2013 00:00:00,,PRAVARA MEDICAL TRUST,,,NEW TALOJA - BOC INDIA LIMITE,,01-Jan-2013 16:35:06,,,01-Jan-2013 16:35:07, 
761944,-,OR04N2242,228314,01-Jan-2013 04:19:00,,112,TATA STEEL,317,TOLL (INDIA) LOGISTICS PVT. LTD.,S,N,,-,0,-,BANGALORE,05-Jan-2013 00:00:00,-,TATA STEEL LIMITED,,O,JAMSHEDPUR,1230040000000002422,05-Jan-2013 16:09:01,,04-Jan-2013 13:44:00,20-Feb-2013 01:46:35, 
758419, ,MH04FD8336,,01-Jan-2013 12:07:00,,,NEW TALOJA - BOC INDIA LIMITED-TALOJA NEW TP,355,BOC-TALOJA-BULK,P,,,,,,BOMBAY,04-Jan-2013 00:00:00,,BREACH CANDY HOSPITAL & RESEARCH CENTRE,,,NEW TALOJA - BOC INDIA LIMITE,,01-Jan-2013 23:35:43,,,01-Jan-2013 23:35:43, 
758420, ,MH04FD8336,,01-Jan-2013 12:07:00,,,NEW TALOJA - BOC INDIA LIMITED-TALOJA NEW TP,355,BOC-TALOJA-BULK,S,,,,,,BOMBAY,04-Jan-2013 00:00:00,,BOMBAY HOSPITAL-OLD BUILD,,,NEW TALOJA - BOC INDIA LIMITE,,01-Jan-2013 23:35:43,,01-Jan-2013 22:54:00,02-Jan-2013 00:00:18, 
758432, ,MH06AQ5003,,01-Jan-2013 08:30:00,,,NEW TALOJA - BOC INDIA LIMITED-TALOJA NEW TP,355,BOC-TALOJA-BULK,P,,,,,,AHMEDNAGAR,04-Jan-2013 00:00:00,,PRAVARA MEDICAL TRUST,,,NEW TALOJA - BOC INDIA LIMITE,,01-Jan-2013 23:35:47,,,01-Jan-2013 23:35:47, 
758433, ,MH06AQ5003,,01-Jan-2013 08:30:00,,,NEW TALOJA - BOC INDIA LIMITED-TALOJA NEW TP,355,BOC-TALOJA-BULK,S,,,,,,AURANGABAD,04-Jan-2013 00:00:00,,MARATHWADA MEDICAL & RESEARCH INST,,,NEW TALOJA - BOC INDIA LIMITE,,01-Jan-2013 23:35:47,,01-Jan-2013 20:21:00,02-Jan-2013 00:00:19, 
758434, ,MH04DS6059,,01-Jan-2013 07:54:00,,,NEW TALOJA - BOC INDIA LIMITED-TALOJA NEW TP,355,BOC-TALOJA-BULK,S,,,,,,AHMEDNAGAR,04-Jan-2013 00:00:00,,GKN SINTER METALS LTD.- NAGAR,,,NEW TALOJA - BOC INDIA LIMITE,,01-Jan-2013 23:35:48,,01-Jan-2013 19:40:00,02-Jan-2013 00:00:17, 
758435, ,MH04FD7346,,01-Jan-2013 07:50:00,,,NEW TALOJA - BOC INDIA LIMITED-TALOJA NEW TP,355,BOC-TALOJA-BULK,P,,,,,,MUMBAI,04-Jan-2013 00:00:00,,BHABHA ATOMIC RESEARCH CENTRE(CPU),,,NEW TALOJA - BOC INDIA LIMITE,,01-Jan-2013 23:35:48,,,02-Jan-2013 16:35:05, 
758437, ,MH04DS7297,,01-Jan-2013 01:34:00,,,BELLARY II - 1800 TPD PLANT - BELLARY II,355,BOC-TALOJA-BULK,S,,,,,,NEW MUMBAI,04-Jan-2013 00:00:00,,BOC INDIA LIMITED-TALOJA NEW ASU,,,BELLARY II - 1800 TPD PLANT -,,01-Jan-2013 23:35:49,,03-Jan-2013 20:59:00,03-Jan-2013 22:00:03, 
758999, ,MH04DK1053,,01-Jan-2013 22:31:00,,,NEW TALOJA - BOC INDIA LIMITED-TALOJA NEW TP,355,BOC-TALOJA-BULK,P,,,,,,MUMBAI,04-Jan-2013 00:00:00,,KEM HOSPITAL - CVTC,,,NEW TALOJA - BOC INDIA LIMITE,,02-Jan-2013 16:35:17,,,02-Jan-2013 16:35:18, 
759008, ,MH04FD6479,,01-Jan-2013 21:58:00,,,NEW TALOJA - BOC INDIA LIMITED-TALOJA NEW TP,355,BOC-TALOJA-BULK,P,,,,,,RAIGAD,04-Jan-2013 00:00:00,,ROHM & HASS (INDIA) PVT.LTD.,,,NEW TALOJA - BOC INDIA LIMITE,,02-Jan-2013 16:35:20,,,02-Jan-2013 16:35:20, 
762576,-,OR04M9283,363017,01-Jan-2013 03:15:00,,112,TATA STEEL,317,TOLL (INDIA) LOGISTICS PVT. LTD.,S,N,,-,0,-,BANGALORE,04-Jan-2013 00:00:00,-,TATA STEEL LIMITED,,O,JAMSHEDPUR,1230040000000009609,05-Jan-2013 16:41:30,,04-Jan-2013 08:47:00,20-Feb-2013 01:45:59, 
759461,,NL01G4664,,01-Jan-2013 17:40:00,,,HCIL,396,HIMADRI_CHEMICALS,,,,,,,Renukoot,03-Jan-2013 09:10:00,,Hindalco Industries Ltd,,,HCIL / Mahistikry,,03-Jan-2013 13:35:17,,03-Jan-2013 09:10:00,, 
760183,0023080924,NL01K3598,,01-Jan-2013 09:28:00,,,Jindal Steel & Power,457,ASHOK-RAIGARH,,,,SEMIS YARD,,,ANGUL,03-Jan-2013 00:00:00,,JINDAL STEEL & POWER LIMITED,,,JSPL GATE-RAIGARH,F06E88D2,04-Jan-2013 11:11:02,1322068522,03-Jan-2013 00:00:00,, 
758576,-,CG07MB8866,219169,01-Jan-2013 22:54:00,,112,TATA STEEL,304,SIDDHIVINAYAK LOGISTIC LTD,S,N,,-,0,-,NAGPUR,06-Jan-2013 00:00:00,-,TATA STEEL LTD,,O,JAMSHEDPUR,1230040000000025985,02-Jan-2013 06:46:05,,,20-Feb-2013 01:07:32, 
761821,-,JH05AB8206,176545,01-Jan-2013 03:09:00,,112,TATA STEEL,304,SIDDHIVINAYAK LOGISTIC LTD,S,N,,-,0,-,NAGPUR,05-Jan-2013 00:00:00,-,TATA STEEL LTD,,O,JAMSHEDPUR,1230040000000036420,05-Jan-2013 16:01:33,,,20-Feb-2013 01:14:48, 
762511,-,MH04FJ2226,235939,01-Jan-2013 02:28:00,,112,TATA STEEL,304,SIDDHIVINAYAK LOGISTIC LTD,S,N,,-,0,-,NAGPUR,05-Jan-2013 00:00:00,-,TATA STEEL LTD,,O,JAMSHEDPUR,1230040000000017743,05-Jan-2013 16:37:35,,05-Jan-2013 20:28:00,20-Feb-2013 01:15:53, 
762603,-,OR04N2237,363025,01-Jan-2013 02:28:00,,112,TATA STEEL,317,TOLL (INDIA) LOGISTICS PVT. LTD.,S,N,,-,0,-,BANGALORE,04-Jan-2013 00:00:00,-,TATA STEEL LIMITED,,O,JAMSHEDPUR,1230040000000002430,05-Jan-2013 16:43:07,,04-Jan-2013 10:20:00,20-Feb-2013 01:46:25, 
761970,-,MH04EB7621,235947,01-Jan-2013 00:41:00,,113,TATA STEEL-NAGPUR,304,SIDDHIVINAYAK LOGISTIC LTD,T,N,,-,0,-,TALOJA,09-Jan-2013 00:00:00,-,ROHIT & COMPANY (A/C MUMBAI),,O,NAGPUR,1230040000000021216,05-Jan-2013 16:10:38,,,05-Jan-2013 16:46:43, 
758337, ,AP29TA6347,,01-Jan-2013 19:37:00,,,HY 65TPD - HYDERABAD 65 TPD,316,BOC-HYDERABAD-BULK,S,,,,,,MEDAK,04-Jan-2013 00:00:00,,BOC(I) LTDA_C-HYDERABAD PG&P PLANT,,,HY 65TPD - HYDERABAD 65 TPD,,01-Jan-2013 23:35:14,,01-Jan-2013 19:00:00,02-Jan-2013 00:00:02, 
758338, ,AP29TB3071,,01-Jan-2013 19:32:00,,,HY 65TPD - HYDERABAD 65 TPD,316,BOC-HYDERABAD-BULK,P,,,,,,HYDERABAD,04-Jan-2013 00:00:00,,NIZAMS INSTT. OF MEDICAL SCIENCE,,,HY 65TPD - HYDERABAD 65 TPD,,01-Jan-2013 23:35:15,,,01-Jan-2013 23:35:15, 
758339, ,AP29TB3071,,01-Jan-2013 19:32:00,,,HY 65TPD - HYDERABAD 65 TPD,316,BOC-HYDERABAD-BULK,S,,,,,,HYDERABAD,04-Jan-2013 00:00:00,,SAINT THERASA HOSPITAL,,,HY 65TPD - HYDERABAD 65 TPD,,01-Jan-2013 23:35:15,,02-Jan-2013 07:47:00,02-Jan-2013 08:00:02, 
758340, ,AP37TB9118,,01-Jan-2013 19:24:00,,,HY 65TPD - HYDERABAD 65 TPD,316,BOC-HYDERABAD-BULK,P,,,,,,SECUNDERABAD,04-Jan-2013 00:00:00,,GANDHI HOPSITAL,,,HY 65TPD - HYDERABAD 65 TPD,,01-Jan-2013 23:35:15,,,01-Jan-2013 23:35:16, 
758341, ,AP37TB9118,,01-Jan-2013 19:24:00,,,HY 65TPD - HYDERABAD 65 TPD,316,BOC-HYDERABAD-BULK,S,,,,,,HYDERABAD,04-Jan-2013 00:00:00,,KAMINENI HOSPITALS LIMITED,,,HY 65TPD - HYDERABAD 65 TPD,,01-Jan-2013 23:35:16,,02-Jan-2013 13:51:00,02-Jan-2013 14:00:02, 
758342, ,AP29TA7718,,01-Jan-2013 19:15:00,,,HY 65TPD - HYDERABAD 65 TPD,316,BOC-HYDERABAD-BULK,S,,,,,,HYDERABAD,04-Jan-2013 00:00:00,,NILOUFER HOSPITAL(FOR WOMEN & CHILDREN),,,HY 65TPD - HYDERABAD 65 TPD,,01-Jan-2013 23:35:16,,02-Jan-2013 08:08:00,02-Jan-2013 09:00:03, 
758343, ,AP26X8329,,01-Jan-2013 19:13:00,,,HY 65TPD - HYDERABAD 65 TPD,316,BOC-HYDERABAD-BULK,S,,,,,,HYDERABAD,04-Jan-2013 00:00:00,,SRI SUDARSHAN GASES PVT. LTD.,,,HY 65TPD - HYDERABAD 65 TPD,,01-Jan-2013 23:35:16,,02-Jan-2013 08:43:00,02-Jan-2013 09:00:02, 
758344, ,AP29TA6400,,01-Jan-2013 19:10:00,,,HY 65TPD - HYDERABAD 65 TPD,316,BOC-HYDERABAD-BULK,P,,,,,,HYDERABAD,04-Jan-2013 00:00:00,,SUVEN LIFE SCIENCES LIMITED,,,HY 65TPD - HYDERABAD 65 TPD,,01-Jan-2013 23:35:17,,,01-Jan-2013 23:35:17, 
758402, ,AP37TB9116,,01-Jan-2013 14:51:00,,,HY 65TPD - HYDERABAD 65 TPD,316,BOC-HYDERABAD-BULK,S,,,,,,MEDAK,04-Jan-2013 00:00:00,,AUROBINDO PHARMA LTD.-UNIT 1,,,HY 65TPD - HYDERABAD 65 TPD,,01-Jan-2013 23:35:37,,01-Jan-2013 19:00:00,02-Jan-2013 00:00:02, 
758403, ,AP29TA6346,,01-Jan-2013 14:47:00,,,HY 65TPD - HYDERABAD 65 TPD,316,BOC-HYDERABAD-BULK,S,,,,,,HYDERABAD,04-Jan-2013 00:00:00,,QUALITY CARE INDIA LIMITED,,,HY 65TPD - HYDERABAD 65 TPD,,01-Jan-2013 23:35:38,,01-Jan-2013 18:59:00,02-Jan-2013 00:00:02, 
762028,-,OR04N2239,228247,01-Jan-2013 02:27:00,,112,TATA STEEL,317,TOLL (INDIA) LOGISTICS PVT. LTD.,S,N,,-,0,-,BANGALORE,04-Jan-2013 00:00:00,-,TATA STEEL LIMITED,,O,JAMSHEDPUR,1230040000000002406,05-Jan-2013 16:14:03,,04-Jan-2013 13:35:00,20-Feb-2013 01:46:29, 
762600,-,OR04N2241,228321,01-Jan-2013 02:30:00,,112,TATA STEEL,317,TOLL (INDIA) LOGISTICS PVT. LTD.,S,N,,-,0,-,BANGALORE,04-Jan-2013 00:00:00,-,TATA STEEL LIMITED,,O,JAMSHEDPUR,1230040000000002398,05-Jan-2013 16:42:56,,04-Jan-2013 13:10:00,20-Feb-2013 01:46:33, 
762635,-,OR04N2905,228331,01-Jan-2013 04:22:00,,112,TATA STEEL,317,TOLL (INDIA) LOGISTICS PVT. LTD.,S,N,,-,0,-,BANGALORE,05-Jan-2013 00:00:00,-,TATA STEEL LIMITED,,O,JAMSHEDPUR,1230040000000003115,05-Jan-2013 16:45:01,,04-Jan-2013 13:28:00,20-Feb-2013 01:46:37, 
758358, ,MH43U3875,,01-Jan-2013 18:04:00,,,NEW TALOJA - BOC INDIA LIMITED-TALOJA NEW TP,355,BOC-TALOJA-BULK,P,,,,,,BOISAR,04-Jan-2013 00:00:00,,ALCHEMIE GASES CHEMICALS PVT. LTD.,,,NEW TALOJA - BOC INDIA LIMITE,,01-Jan-2013 23:35:22,,,01-Jan-2013 23:35:23, 
758364, ,MH04FD6479,,01-Jan-2013 17:35:00,,,NEW TALOJA - BOC INDIA LIMITED-TALOJA NEW TP,355,BOC-TALOJA-BULK,P,,,,,,PUNE,04-Jan-2013 00:00:00,,SUTTATI ENTERPRISE PVT.LTD.,,,NEW TALOJA - BOC INDIA LIMITE,,01-Jan-2013 23:35:24,,,02-Jan-2013 16:35:20, 
758987, ,MH04FD8336,,01-Jan-2013 22:52:00,,,NEW TALOJA - BOC INDIA LIMITED-TALOJA NEW TP,355,BOC-TALOJA-BULK,P,,,,,,BANDRA,04-Jan-2013 00:00:00,,ASIAN HEART INSTITUTE AND RESEARCH,,,NEW TALOJA - BOC INDIA LIMITE,,02-Jan-2013 16:35:13,,,02-Jan-2013 16:35:13, 
758988, ,MH04FD8336,,01-Jan-2013 22:52:00,,,NEW TALOJA - BOC INDIA LIMITED-TALOJA NEW TP,355,BOC-TALOJA-BULK,P,,,,,,MUMBAI,04-Jan-2013 00:00:00,,LILAVATI HOSPITAL & RESEARCH CENTRE,,,NEW TALOJA - BOC INDIA LIMITE,,02-Jan-2013 16:35:13,,,02-Jan-2013 16:35:14, 
758989, ,MH04FD8336,,01-Jan-2013 22:52:00,,,NEW TALOJA - BOC INDIA LIMITED-TALOJA NEW TP,355,BOC-TALOJA-BULK,P,,,,,,BOMBAY,04-Jan-2013 00:00:00,,P.D.HINDUJA NATIONAL HOSPITAL,,,NEW TALOJA - BOC INDIA LIMITE,,02-Jan-2013 16:35:13,,,02-Jan-2013 16:35:14, 
758990, ,MH04FD8336,,01-Jan-2013 22:52:00,,,NEW TALOJA - BOC INDIA LIMITED-TALOJA NEW TP,355,BOC-TALOJA-BULK,P,,,,,,MUMBAI,04-Jan-2013 00:00:00,,TATA MEMORIAL HOSPITAL,,,NEW TALOJA - BOC INDIA LIMITE,,02-Jan-2013 16:35:14,,,02-Jan-2013 23:35:12, 
758991, ,MH04FJ9776,,01-Jan-2013 22:35:00,,,NEW TALOJA - BOC INDIA LIMITED-TALOJA NEW TP,355,BOC-TALOJA-BULK,P,,,,,,PUNE,04-Jan-2013 00:00:00,,JEHANGIR HOSP & MED. CEN.,,,NEW TALOJA - BOC INDIA LIMITE,,02-Jan-2013 16:35:14,,,02-Jan-2013 16:35:15, 
758992, ,MH04FJ9776,,01-Jan-2013 22:35:00,,,NEW TALOJA - BOC INDIA LIMITED-TALOJA NEW TP,355,BOC-TALOJA-BULK,P,,,,,,PUNE,04-Jan-2013 00:00:00,,SASSOON GEN. HOSP. (PW),,,NEW TALOJA - BOC INDIA LIMITE,,02-Jan-2013 16:35:15,,,02-Jan-2013 16:35:15, 
758993, ,MH04FJ9776,,01-Jan-2013 22:35:00,,,NEW TALOJA - BOC INDIA LIMITED-TALOJA NEW TP,355,BOC-TALOJA-BULK,P,,,,,,PUNE,04-Jan-2013 00:00:00,,MHCTC HOSPITAL,,,NEW TALOJA - BOC INDIA LIMITE,,02-Jan-2013 16:35:15,,,02-Jan-2013 16:35:15, 
758994, ,MH04FJ9776,,01-Jan-2013 22:35:00,,,NEW TALOJA - BOC INDIA LIMITED-TALOJA NEW TP,355,BOC-TALOJA-BULK,P,,,,,,PUNE,04-Jan-2013 00:00:00,,SMT.KASHIBHAI NAVALE MED COLLEGE,,,NEW TALOJA - BOC INDIA LIMITE,,02-Jan-2013 16:35:15,,,02-Jan-2013 16:35:16, 
758995, ,MH04FJ9776,,01-Jan-2013 22:35:00,,,NEW TALOJA - BOC INDIA LIMITED-TALOJA NEW TP,355,BOC-TALOJA-BULK,P,,,,,,PUNE,04-Jan-2013 00:00:00,,SAHYADRI SPECIALITY HOSPITAL,,,NEW TALOJA - BOC INDIA LIMITE,,02-Jan-2013 16:35:16,,,02-Jan-2013 16:35:16, 
758996, ,MH04FJ9776,,01-Jan-2013 22:35:00,,,NEW TALOJA - BOC INDIA LIMITED-TALOJA NEW TP,355,BOC-TALOJA-BULK,P,,,,,,PUNE,04-Jan-2013 00:00:00,,LOKMANYA MEDICAL FOUNDATION,,,NEW TALOJA - BOC INDIA LIMITE,,02-Jan-2013 16:35:16,,,02-Jan-2013 16:35:17, 
758997, ,MH04FJ9776,,01-Jan-2013 22:35:00,,,NEW TALOJA - BOC INDIA LIMITED-TALOJA NEW TP,355,BOC-TALOJA-BULK,P,,,,,,PUNE,04-Jan-2013 00:00:00,,N M WADIA INSTITUTE OF CARDIOLOGY,,,NEW TALOJA - BOC INDIA LIMITE,,02-Jan-2013 16:35:16,,,02-Jan-2013 16:35:17, 
758998, ,MH04FJ9776,,01-Jan-2013 22:35:00,,,NEW TALOJA - BOC INDIA LIMITED-TALOJA NEW TP,355,BOC-TALOJA-BULK,S,,,,,,PUNE,04-Jan-2013 00:00:00,,SMT.KASHIBHAI NAVALE MED COLLEGE,,,NEW TALOJA - BOC INDIA LIMITE,,02-Jan-2013 16:35:17,,02-Jan-2013 12:31:00,02-Jan-2013 17:00:37, 
759000, ,MH04DK1053,,01-Jan-2013 22:31:00,,,NEW TALOJA - BOC INDIA LIMITED-TALOJA NEW TP,355,BOC-TALOJA-BULK,P,,,,,,MUMBAI,04-Jan-2013 00:00:00,,KEM HOSPITAL  - MS,,,NEW TALOJA - BOC INDIA LIMITE,,02-Jan-2013 16:35:17,,,02-Jan-2013 23:35:13, 
759001, ,MH04FP4771,,01-Jan-2013 22:20:00,,,NEW TALOJA - BOC INDIA LIMITED-TALOJA NEW TP,355,BOC-TALOJA-BULK,P,,,,,,PUNE,04-Jan-2013 00:00:00,,HYUNDAI CONSTRUCTION EQUIP INDIA PVT LTD,,,NEW TALOJA - BOC INDIA LIMITE,,02-Jan-2013 16:35:18,,,04-Jan-2013 16:35:21, 
759004, ,MH04EB157,,01-Jan-2013 22:11:00,,,NEW TALOJA - BOC INDIA LIMITED-TALOJA NEW TP,355,BOC-TALOJA-BULK,P,,,,,,PUNE,04-Jan-2013 00:00:00,,JCB MANUFACTURING LTD.,,,NEW TALOJA - BOC INDIA LIMITE,,02-Jan-2013 16:35:19,,,02-Jan-2013 16:35:19, 
759005, ,MH04EB157,,01-Jan-2013 22:11:00,,,NEW TALOJA - BOC INDIA LIMITED-TALOJA NEW TP,355,BOC-TALOJA-BULK,P,,,,,,PUNE,04-Jan-2013 00:00:00,,SKH SHEET METALS COMPONENTS LTD,,,NEW TALOJA - BOC INDIA LIMITE,,02-Jan-2013 16:35:19,,,07-Jan-2013 16:35:29, 
